stock_code,company_name,交易月份,開盤_價格_元,收盤_價格_元,漲跌_價格_元,漲跌_pct,file_type,source_file,download_success,download_timestamp,process_timestamp,stage1_process_timestamp
NVDA,NVIDIA Corporation,1999-12,34.63,46.94,,,TIME_SERIES_MONTHLY,https://www.alphavantage.co/query?function=TIME_SERIES_MONTHLY&symbol=NVDA&apikey=ZH6DAHUGXSK8J9R1,True,2026-01-18 16:12:44,2026-01-18 16:12:44,2026-01-18 16:12:44.517710
NVDA,NVIDIA Corporation,2000-01,47.25,37.06,-9.879999999999995,-0.21048146570089468,TIME_SERIES_MONTHLY,https://www.alphavantage.co/query?function=TIME_SERIES_MONTHLY&symbol=NVDA&apikey=ZH6DAHUGXSK8J9R1,True,2026-01-18 16:12:44,2026-01-18 16:12:44,2026-01-18 16:12:44.517710
NVDA,NVIDIA Corporation,2000-02,37.13,64.0,26.939999999999998,0.7269293038316242,TIME_SERIES_MONTHLY,https://www.alphavantage.co/query?function=TIME_SERIES_MONTHLY&symbol=NVDA&apikey=ZH6DAHUGXSK8J9R1,True,2026-01-18 16:12:44,2026-01-18 16:12:44,2026-01-18 16:12:44.517710
NVDA,NVIDIA Corporation,2000-03,64.0,84.48,20.480000000000004,0.32000000000000006,TIME_SERIES_MONTHLY,https://www.alphavantage.co/query?function=TIME_SERIES_MONTHLY&symbol=NVDA&apikey=ZH6DAHUGXSK8J9R1,True,2026-01-18 16:12:44,2026-01-18 16:12:44,2026-01-18 16:12:44.517710
NVDA,NVIDIA Corporation,2000-04,83.72,89.13,4.6499999999999915,0.055042613636363535,TIME_SERIES_MONTHLY,https://www.alphavantage.co/query?function=TIME_SERIES_MONTHLY&symbol=NVDA&apikey=ZH6DAHUGXSK8J9R1,True,2026-01-18 16:12:44,2026-01-18 16:12:44,2026-01-18 16:12:44.517710
NVDA,NVIDIA Corporation,2000-05,92.5,112.8,23.67,0.26556714910804446,TIME_SERIES_MONTHLY,https://www.alphavantage.co/query?function=TIME_SERIES_MONTHLY&symbol=NVDA&apikey=ZH6DAHUGXSK8J9R1,True,2026-01-18 16:12:44,2026-01-18 16:12:44,2026-01-18 16:12:44.517710
NVDA,NVIDIA Corporation,2000-06,117.5,63.56,-49.239999999999995,-0.43652482269503545,TIME_SERIES_MONTHLY,https://www.alphavantage.co/query?function=TIME_SERIES_MONTHLY&symbol=NVDA&apikey=ZH6DAHUGXSK8J9R1,True,2026-01-18 16:12:44,2026-01-18 16:12:44,2026-01-18 16:12:44.517710
NVDA,NVIDIA Corporation,2000-07,64.0,60.0,-3.5600000000000023,-0.05601006922592829,TIME_SERIES_MONTHLY,https://www.alphavantage.co/query?function=TIME_SERIES_MONTHLY&symbol=NVDA&apikey=ZH6DAHUGXSK8J9R1,True,2026-01-18 16:12:44,2026-01-18 16:12:44,2026-01-18 16:12:44.517710
NVDA,NVIDIA Corporation,2000-08,60.0,79.38,19.379999999999995,0.3229999999999999,TIME_SERIES_MONTHLY,https://www.alphavantage.co/query?function=TIME_SERIES_MONTHLY&symbol=NVDA&apikey=ZH6DAHUGXSK8J9R1,True,2026-01-18 16:12:44,2026-01-18 16:12:44,2026-01-18 16:12:44.517710
NVDA,NVIDIA Corporation,2000-09,81.0,81.88,2.5,0.03149407911312673,TIME_SERIES_MONTHLY,https://www.alphavantage.co/query?function=TIME_SERIES_MONTHLY&symbol=NVDA&apikey=ZH6DAHUGXSK8J9R1,True,2026-01-18 16:12:44,2026-01-18 16:12:44,2026-01-18 16:12:44.517710
NVDA,NVIDIA Corporation,2000-10,83.0,62.14,-19.739999999999995,-0.24108451392281383,TIME_SERIES_MONTHLY,https://www.alphavantage.co/query?function=TIME_SERIES_MONTHLY&symbol=NVDA&apikey=ZH6DAHUGXSK8J9R1,True,2026-01-18 16:12:44,2026-01-18 16:12:44,2026-01-18 16:12:44.517710
NVDA,NVIDIA Corporation,2000-11,60.63,40.5,-21.64,-0.3482458963630512,TIME_SERIES_MONTHLY,https://www.alphavantage.co/query?function=TIME_SERIES_MONTHLY&symbol=NVDA&apikey=ZH6DAHUGXSK8J9R1,True,2026-01-18 16:12:44,2026-01-18 16:12:44,2026-01-18 16:12:44.517710
NVDA,NVIDIA Corporation,2000-12,43.0,32.77,-7.729999999999997,-0.19086419753086412,TIME_SERIES_MONTHLY,https://www.alphavantage.co/query?function=TIME_SERIES_MONTHLY&symbol=NVDA&apikey=ZH6DAHUGXSK8J9R1,True,2026-01-18 16:12:44,2026-01-18 16:12:44,2026-01-18 16:12:44.517710
NVDA,NVIDIA Corporation,2001-01,33.0,51.63,18.86,0.5755263960939884,TIME_SERIES_MONTHLY,https://www.alphavantage.co/query?function=TIME_SERIES_MONTHLY&symbol=NVDA&apikey=ZH6DAHUGXSK8J9R1,True,2026-01-18 16:12:44,2026-01-18 16:12:44,2026-01-18 16:12:44.517710
NVDA,NVIDIA Corporation,2001-02,51.63,44.69,-6.940000000000005,-0.13441797404609732,TIME_SERIES_MONTHLY,https://www.alphavantage.co/query?function=TIME_SERIES_MONTHLY&symbol=NVDA&apikey=ZH6DAHUGXSK8J9R1,True,2026-01-18 16:12:44,2026-01-18 16:12:44,2026-01-18 16:12:44.517710
NVDA,NVIDIA Corporation,2001-03,44.13,64.92,20.230000000000004,0.45267397628104733,TIME_SERIES_MONTHLY,https://www.alphavantage.co/query?function=TIME_SERIES_MONTHLY&symbol=NVDA&apikey=ZH6DAHUGXSK8J9R1,True,2026-01-18 16:12:44,2026-01-18 16:12:44,2026-01-18 16:12:44.517710
NVDA,NVIDIA Corporation,2001-04,64.75,83.3,18.379999999999995,0.2831176833025261,TIME_SERIES_MONTHLY,https://www.alphavantage.co/query?function=TIME_SERIES_MONTHLY&symbol=NVDA&apikey=ZH6DAHUGXSK8J9R1,True,2026-01-18 16:12:44,2026-01-18 16:12:44,2026-01-18 16:12:44.517710
NVDA,NVIDIA Corporation,2001-05,83.6,85.61,2.3100000000000023,0.02773109243697482,TIME_SERIES_MONTHLY,https://www.alphavantage.co/query?function=TIME_SERIES_MONTHLY&symbol=NVDA&apikey=ZH6DAHUGXSK8J9R1,True,2026-01-18 16:12:44,2026-01-18 16:12:44,2026-01-18 16:12:44.517710
NVDA,NVIDIA Corporation,2001-06,86.2,92.75,7.140000000000001,0.08340147179067867,TIME_SERIES_MONTHLY,https://www.alphavantage.co/query?function=TIME_SERIES_MONTHLY&symbol=NVDA&apikey=ZH6DAHUGXSK8J9R1,True,2026-01-18 16:12:44,2026-01-18 16:12:44,2026-01-18 16:12:44.517710
NVDA,NVIDIA Corporation,2001-07,89.08,80.9,-11.849999999999994,-0.1277628032345013,TIME_SERIES_MONTHLY,https://www.alphavantage.co/query?function=TIME_SERIES_MONTHLY&symbol=NVDA&apikey=ZH6DAHUGXSK8J9R1,True,2026-01-18 16:12:44,2026-01-18 16:12:44,2026-01-18 16:12:44.517710
NVDA,NVIDIA Corporation,2001-08,82.49,84.71,3.809999999999988,0.0470951792336216,TIME_SERIES_MONTHLY,https://www.alphavantage.co/query?function=TIME_SERIES_MONTHLY&symbol=NVDA&apikey=ZH6DAHUGXSK8J9R1,True,2026-01-18 16:12:44,2026-01-18 16:12:44,2026-01-18 16:12:44.517710
NVDA,NVIDIA Corporation,2001-09,84.48,27.47,-57.239999999999995,-0.6757171526384134,TIME_SERIES_MONTHLY,https://www.alphavantage.co/query?function=TIME_SERIES_MONTHLY&symbol=NVDA&apikey=ZH6DAHUGXSK8J9R1,True,2026-01-18 16:12:44,2026-01-18 16:12:44,2026-01-18 16:12:44.517710
NVDA,NVIDIA Corporation,2001-10,27.45,42.86,15.39,0.5602475427739353,TIME_SERIES_MONTHLY,https://www.alphavantage.co/query?function=TIME_SERIES_MONTHLY&symbol=NVDA&apikey=ZH6DAHUGXSK8J9R1,True,2026-01-18 16:12:44,2026-01-18 16:12:44,2026-01-18 16:12:44.517710
NVDA,NVIDIA Corporation,2001-11,43.41,54.64,11.780000000000001,0.27484834344377046,TIME_SERIES_MONTHLY,https://www.alphavantage.co/query?function=TIME_SERIES_MONTHLY&symbol=NVDA&apikey=ZH6DAHUGXSK8J9R1,True,2026-01-18 16:12:44,2026-01-18 16:12:44,2026-01-18 16:12:44.517710
NVDA,NVIDIA Corporation,2001-12,54.16,66.9,12.260000000000005,0.22437774524158136,TIME_SERIES_MONTHLY,https://www.alphavantage.co/query?function=TIME_SERIES_MONTHLY&symbol=NVDA&apikey=ZH6DAHUGXSK8J9R1,True,2026-01-18 16:12:44,2026-01-18 16:12:44,2026-01-18 16:12:44.517710
NVDA,NVIDIA Corporation,2002-01,67.2,65.74,-1.1600000000000108,-0.01733931240657714,TIME_SERIES_MONTHLY,https://www.alphavantage.co/query?function=TIME_SERIES_MONTHLY&symbol=NVDA&apikey=ZH6DAHUGXSK8J9R1,True,2026-01-18 16:12:44,2026-01-18 16:12:44,2026-01-18 16:12:44.517710
NVDA,NVIDIA Corporation,2002-02,66.33,51.01,-14.729999999999997,-0.224064496501369,TIME_SERIES_MONTHLY,https://www.alphavantage.co/query?function=TIME_SERIES_MONTHLY&symbol=NVDA&apikey=ZH6DAHUGXSK8J9R1,True,2026-01-18 16:12:44,2026-01-18 16:12:44,2026-01-18 16:12:44.517710
NVDA,NVIDIA Corporation,2002-03,51.5,44.36,-6.649999999999999,-0.1303665947853362,TIME_SERIES_MONTHLY,https://www.alphavantage.co/query?function=TIME_SERIES_MONTHLY&symbol=NVDA&apikey=ZH6DAHUGXSK8J9R1,True,2026-01-18 16:12:44,2026-01-18 16:12:44,2026-01-18 16:12:44.517710
NVDA,NVIDIA Corporation,2002-04,41.9,34.81,-9.549999999999997,-0.21528403967538318,TIME_SERIES_MONTHLY,https://www.alphavantage.co/query?function=TIME_SERIES_MONTHLY&symbol=NVDA&apikey=ZH6DAHUGXSK8J9R1,True,2026-01-18 16:12:44,2026-01-18 16:12:44,2026-01-18 16:12:44.517710
NVDA,NVIDIA Corporation,2002-05,34.24,33.46,-1.3500000000000014,-0.038781959207124427,TIME_SERIES_MONTHLY,https://www.alphavantage.co/query?function=TIME_SERIES_MONTHLY&symbol=NVDA&apikey=ZH6DAHUGXSK8J9R1,True,2026-01-18 16:12:44,2026-01-18 16:12:44,2026-01-18 16:12:44.517710
NVDA,NVIDIA Corporation,2002-06,32.65,17.18,-16.28,-0.48655110579796773,TIME_SERIES_MONTHLY,https://www.alphavantage.co/query?function=TIME_SERIES_MONTHLY&symbol=NVDA&apikey=ZH6DAHUGXSK8J9R1,True,2026-01-18 16:12:44,2026-01-18 16:12:44,2026-01-18 16:12:44.517710
NVDA,NVIDIA Corporation,2002-07,17.1,11.07,-6.109999999999999,-0.3556461001164144,TIME_SERIES_MONTHLY,https://www.alphavantage.co/query?function=TIME_SERIES_MONTHLY&symbol=NVDA&apikey=ZH6DAHUGXSK8J9R1,True,2026-01-18 16:12:44,2026-01-18 16:12:44,2026-01-18 16:12:44.517710
NVDA,NVIDIA Corporation,2002-08,11.16,10.11,-0.9600000000000009,-0.08672086720867216,TIME_SERIES_MONTHLY,https://www.alphavantage.co/query?function=TIME_SERIES_MONTHLY&symbol=NVDA&apikey=ZH6DAHUGXSK8J9R1,True,2026-01-18 16:12:44,2026-01-18 16:12:44,2026-01-18 16:12:44.517710
NVDA,NVIDIA Corporation,2002-09,9.62,8.56,-1.549999999999999,-0.1533135509396636,TIME_SERIES_MONTHLY,https://www.alphavantage.co/query?function=TIME_SERIES_MONTHLY&symbol=NVDA&apikey=ZH6DAHUGXSK8J9R1,True,2026-01-18 16:12:44,2026-01-18 16:12:44,2026-01-18 16:12:44.517710
NVDA,NVIDIA Corporation,2002-10,8.63,11.9,3.34,0.3901869158878504,TIME_SERIES_MONTHLY,https://www.alphavantage.co/query?function=TIME_SERIES_MONTHLY&symbol=NVDA&apikey=ZH6DAHUGXSK8J9R1,True,2026-01-18 16:12:44,2026-01-18 16:12:44,2026-01-18 16:12:44.517710
NVDA,NVIDIA Corporation,2002-11,11.72,17.13,5.229999999999999,0.4394957983193276,TIME_SERIES_MONTHLY,https://www.alphavantage.co/query?function=TIME_SERIES_MONTHLY&symbol=NVDA&apikey=ZH6DAHUGXSK8J9R1,True,2026-01-18 16:12:44,2026-01-18 16:12:44,2026-01-18 16:12:44.517710
NVDA,NVIDIA Corporation,2002-12,18.04,11.51,-5.619999999999999,-0.3280793928779918,TIME_SERIES_MONTHLY,https://www.alphavantage.co/query?function=TIME_SERIES_MONTHLY&symbol=NVDA&apikey=ZH6DAHUGXSK8J9R1,True,2026-01-18 16:12:44,2026-01-18 16:12:44,2026-01-18 16:12:44.517710
NVDA,NVIDIA Corporation,2003-01,12.0,10.32,-1.1899999999999995,-0.10338835794960899,TIME_SERIES_MONTHLY,https://www.alphavantage.co/query?function=TIME_SERIES_MONTHLY&symbol=NVDA&apikey=ZH6DAHUGXSK8J9R1,True,2026-01-18 16:12:44,2026-01-18 16:12:44,2026-01-18 16:12:44.517710
NVDA,NVIDIA Corporation,2003-02,10.39,12.62,2.299999999999999,0.22286821705426346,TIME_SERIES_MONTHLY,https://www.alphavantage.co/query?function=TIME_SERIES_MONTHLY&symbol=NVDA&apikey=ZH6DAHUGXSK8J9R1,True,2026-01-18 16:12:44,2026-01-18 16:12:44,2026-01-18 16:12:44.517710
NVDA,NVIDIA Corporation,2003-03,12.77,12.88,0.26000000000000156,0.02060221870047556,TIME_SERIES_MONTHLY,https://www.alphavantage.co/query?function=TIME_SERIES_MONTHLY&symbol=NVDA&apikey=ZH6DAHUGXSK8J9R1,True,2026-01-18 16:12:44,2026-01-18 16:12:44,2026-01-18 16:12:44.517710
NVDA,NVIDIA Corporation,2003-04,13.15,14.27,1.3899999999999988,0.10791925465838499,TIME_SERIES_MONTHLY,https://www.alphavantage.co/query?function=TIME_SERIES_MONTHLY&symbol=NVDA&apikey=ZH6DAHUGXSK8J9R1,True,2026-01-18 16:12:44,2026-01-18 16:12:44,2026-01-18 16:12:44.517710
NVDA,NVIDIA Corporation,2003-05,14.23,26.17,11.900000000000002,0.8339173090399441,TIME_SERIES_MONTHLY,https://www.alphavantage.co/query?function=TIME_SERIES_MONTHLY&symbol=NVDA&apikey=ZH6DAHUGXSK8J9R1,True,2026-01-18 16:12:44,2026-01-18 16:12:44,2026-01-18 16:12:44.517710
NVDA,NVIDIA Corporation,2003-06,26.85,22.91,-3.2600000000000016,-0.12457011845624766,TIME_SERIES_MONTHLY,https://www.alphavantage.co/query?function=TIME_SERIES_MONTHLY&symbol=NVDA&apikey=ZH6DAHUGXSK8J9R1,True,2026-01-18 16:12:44,2026-01-18 16:12:44,2026-01-18 16:12:44.517710
NVDA,NVIDIA Corporation,2003-07,22.62,19.09,-3.8200000000000003,-0.1667394151025753,TIME_SERIES_MONTHLY,https://www.alphavantage.co/query?function=TIME_SERIES_MONTHLY&symbol=NVDA&apikey=ZH6DAHUGXSK8J9R1,True,2026-01-18 16:12:44,2026-01-18 16:12:44,2026-01-18 16:12:44.517710
NVDA,NVIDIA Corporation,2003-08,19.1,18.17,-0.9199999999999982,-0.048192771084337255,TIME_SERIES_MONTHLY,https://www.alphavantage.co/query?function=TIME_SERIES_MONTHLY&symbol=NVDA&apikey=ZH6DAHUGXSK8J9R1,True,2026-01-18 16:12:44,2026-01-18 16:12:44,2026-01-18 16:12:44.517710
NVDA,NVIDIA Corporation,2003-09,18.49,15.97,-2.200000000000001,-0.12107870115575128,TIME_SERIES_MONTHLY,https://www.alphavantage.co/query?function=TIME_SERIES_MONTHLY&symbol=NVDA&apikey=ZH6DAHUGXSK8J9R1,True,2026-01-18 16:12:44,2026-01-18 16:12:44,2026-01-18 16:12:44.517710
NVDA,NVIDIA Corporation,2003-10,16.02,17.64,1.67,0.10457107075767062,TIME_SERIES_MONTHLY,https://www.alphavantage.co/query?function=TIME_SERIES_MONTHLY&symbol=NVDA&apikey=ZH6DAHUGXSK8J9R1,True,2026-01-18 16:12:44,2026-01-18 16:12:44,2026-01-18 16:12:44.517710
NVDA,NVIDIA Corporation,2003-11,17.59,21.23,3.59,0.20351473922902494,TIME_SERIES_MONTHLY,https://www.alphavantage.co/query?function=TIME_SERIES_MONTHLY&symbol=NVDA&apikey=ZH6DAHUGXSK8J9R1,True,2026-01-18 16:12:44,2026-01-18 16:12:44,2026-01-18 16:12:44.517710
NVDA,NVIDIA Corporation,2003-12,21.47,23.2,1.9699999999999989,0.0927932171455487,TIME_SERIES_MONTHLY,https://www.alphavantage.co/query?function=TIME_SERIES_MONTHLY&symbol=NVDA&apikey=ZH6DAHUGXSK8J9R1,True,2026-01-18 16:12:44,2026-01-18 16:12:44,2026-01-18 16:12:44.517710
NVDA,NVIDIA Corporation,2004-01,23.57,22.25,-0.9499999999999993,-0.040948275862068936,TIME_SERIES_MONTHLY,https://www.alphavantage.co/query?function=TIME_SERIES_MONTHLY&symbol=NVDA&apikey=ZH6DAHUGXSK8J9R1,True,2026-01-18 16:12:44,2026-01-18 16:12:44,2026-01-18 16:12:44.517710
NVDA,NVIDIA Corporation,2004-02,22.43,22.25,0.0,0.0,TIME_SERIES_MONTHLY,https://www.alphavantage.co/query?function=TIME_SERIES_MONTHLY&symbol=NVDA&apikey=ZH6DAHUGXSK8J9R1,True,2026-01-18 16:12:44,2026-01-18 16:12:44,2026-01-18 16:12:44.517710
NVDA,NVIDIA Corporation,2004-03,22.19,26.4,4.149999999999999,0.18651685393258421,TIME_SERIES_MONTHLY,https://www.alphavantage.co/query?function=TIME_SERIES_MONTHLY&symbol=NVDA&apikey=ZH6DAHUGXSK8J9R1,True,2026-01-18 16:12:44,2026-01-18 16:12:44,2026-01-18 16:12:44.517710
NVDA,NVIDIA Corporation,2004-04,26.69,20.52,-5.879999999999999,-0.2227272727272727,TIME_SERIES_MONTHLY,https://www.alphavantage.co/query?function=TIME_SERIES_MONTHLY&symbol=NVDA&apikey=ZH6DAHUGXSK8J9R1,True,2026-01-18 16:12:44,2026-01-18 16:12:44,2026-01-18 16:12:44.517710
NVDA,NVIDIA Corporation,2004-05,20.74,23.45,2.9299999999999997,0.1427875243664717,TIME_SERIES_MONTHLY,https://www.alphavantage.co/query?function=TIME_SERIES_MONTHLY&symbol=NVDA&apikey=ZH6DAHUGXSK8J9R1,True,2026-01-18 16:12:44,2026-01-18 16:12:44,2026-01-18 16:12:44.517710
NVDA,NVIDIA Corporation,2004-06,23.11,20.47,-2.9800000000000004,-0.12707889125799576,TIME_SERIES_MONTHLY,https://www.alphavantage.co/query?function=TIME_SERIES_MONTHLY&symbol=NVDA&apikey=ZH6DAHUGXSK8J9R1,True,2026-01-18 16:12:44,2026-01-18 16:12:44,2026-01-18 16:12:44.517710
NVDA,NVIDIA Corporation,2004-07,20.7,15.42,-5.049999999999999,-0.24670249145090373,TIME_SERIES_MONTHLY,https://www.alphavantage.co/query?function=TIME_SERIES_MONTHLY&symbol=NVDA&apikey=ZH6DAHUGXSK8J9R1,True,2026-01-18 16:12:44,2026-01-18 16:12:44,2026-01-18 16:12:44.517710
NVDA,NVIDIA Corporation,2004-08,15.43,12.46,-2.959999999999999,-0.19195849546044091,TIME_SERIES_MONTHLY,https://www.alphavantage.co/query?function=TIME_SERIES_MONTHLY&symbol=NVDA&apikey=ZH6DAHUGXSK8J9R1,True,2026-01-18 16:12:44,2026-01-18 16:12:44,2026-01-18 16:12:44.517710
NVDA,NVIDIA Corporation,2004-09,12.3,14.52,2.0599999999999987,0.1653290529695023,TIME_SERIES_MONTHLY,https://www.alphavantage.co/query?function=TIME_SERIES_MONTHLY&symbol=NVDA&apikey=ZH6DAHUGXSK8J9R1,True,2026-01-18 16:12:44,2026-01-18 16:12:44,2026-01-18 16:12:44.517710
NVDA,NVIDIA Corporation,2004-10,14.59,14.47,-0.049999999999998934,-0.003443526170798825,TIME_SERIES_MONTHLY,https://www.alphavantage.co/query?function=TIME_SERIES_MONTHLY&symbol=NVDA&apikey=ZH6DAHUGXSK8J9R1,True,2026-01-18 16:12:44,2026-01-18 16:12:44,2026-01-18 16:12:44.517710
NVDA,NVIDIA Corporation,2004-11,14.66,19.13,4.659999999999998,0.32204561161022793,TIME_SERIES_MONTHLY,https://www.alphavantage.co/query?function=TIME_SERIES_MONTHLY&symbol=NVDA&apikey=ZH6DAHUGXSK8J9R1,True,2026-01-18 16:12:44,2026-01-18 16:12:44,2026-01-18 16:12:44.517710
NVDA,NVIDIA Corporation,2004-12,19.28,23.56,4.43,0.23157344485101933,TIME_SERIES_MONTHLY,https://www.alphavantage.co/query?function=TIME_SERIES_MONTHLY&symbol=NVDA&apikey=ZH6DAHUGXSK8J9R1,True,2026-01-18 16:12:44,2026-01-18 16:12:44,2026-01-18 16:12:44.517710
NVDA,NVIDIA Corporation,2005-01,24.38,22.92,-0.639999999999997,-0.02716468590831906,TIME_SERIES_MONTHLY,https://www.alphavantage.co/query?function=TIME_SERIES_MONTHLY&symbol=NVDA&apikey=ZH6DAHUGXSK8J9R1,True,2026-01-18 16:12:44,2026-01-18 16:12:44,2026-01-18 16:12:44.517710
NVDA,NVIDIA Corporation,2005-02,22.9,28.99,6.069999999999997,0.26483420593368223,TIME_SERIES_MONTHLY,https://www.alphavantage.co/query?function=TIME_SERIES_MONTHLY&symbol=NVDA&apikey=ZH6DAHUGXSK8J9R1,True,2026-01-18 16:12:44,2026-01-18 16:12:44,2026-01-18 16:12:44.517710
NVDA,NVIDIA Corporation,2005-03,29.12,23.76,-5.229999999999997,-0.18040703690927895,TIME_SERIES_MONTHLY,https://www.alphavantage.co/query?function=TIME_SERIES_MONTHLY&symbol=NVDA&apikey=ZH6DAHUGXSK8J9R1,True,2026-01-18 16:12:44,2026-01-18 16:12:44,2026-01-18 16:12:44.517710
NVDA,NVIDIA Corporation,2005-04,24.05,21.93,-1.8300000000000018,-0.0770202020202021,TIME_SERIES_MONTHLY,https://www.alphavantage.co/query?function=TIME_SERIES_MONTHLY&symbol=NVDA&apikey=ZH6DAHUGXSK8J9R1,True,2026-01-18 16:12:44,2026-01-18 16:12:44,2026-01-18 16:12:44.517710
NVDA,NVIDIA Corporation,2005-05,22.19,27.1,5.170000000000002,0.2357501139990881,TIME_SERIES_MONTHLY,https://www.alphavantage.co/query?function=TIME_SERIES_MONTHLY&symbol=NVDA&apikey=ZH6DAHUGXSK8J9R1,True,2026-01-18 16:12:44,2026-01-18 16:12:44,2026-01-18 16:12:44.517710
NVDA,NVIDIA Corporation,2005-06,26.92,26.72,-0.38000000000000256,-0.014022140221402307,TIME_SERIES_MONTHLY,https://www.alphavantage.co/query?function=TIME_SERIES_MONTHLY&symbol=NVDA&apikey=ZH6DAHUGXSK8J9R1,True,2026-01-18 16:12:44,2026-01-18 16:12:44,2026-01-18 16:12:44.517710
NVDA,NVIDIA Corporation,2005-07,26.63,27.06,0.33999999999999986,0.012724550898203587,TIME_SERIES_MONTHLY,https://www.alphavantage.co/query?function=TIME_SERIES_MONTHLY&symbol=NVDA&apikey=ZH6DAHUGXSK8J9R1,True,2026-01-18 16:12:44,2026-01-18 16:12:44,2026-01-18 16:12:44.517710
NVDA,NVIDIA Corporation,2005-08,27.22,30.68,3.620000000000001,0.13377679231337772,TIME_SERIES_MONTHLY,https://www.alphavantage.co/query?function=TIME_SERIES_MONTHLY&symbol=NVDA&apikey=ZH6DAHUGXSK8J9R1,True,2026-01-18 16:12:44,2026-01-18 16:12:44,2026-01-18 16:12:44.517710
NVDA,NVIDIA Corporation,2005-09,30.59,34.28,3.6000000000000014,0.1173402868318123,TIME_SERIES_MONTHLY,https://www.alphavantage.co/query?function=TIME_SERIES_MONTHLY&symbol=NVDA&apikey=ZH6DAHUGXSK8J9R1,True,2026-01-18 16:12:44,2026-01-18 16:12:44,2026-01-18 16:12:44.517710
NVDA,NVIDIA Corporation,2005-10,34.47,33.55,-0.730000000000004,-0.021295215869311667,TIME_SERIES_MONTHLY,https://www.alphavantage.co/query?function=TIME_SERIES_MONTHLY&symbol=NVDA&apikey=ZH6DAHUGXSK8J9R1,True,2026-01-18 16:12:44,2026-01-18 16:12:44,2026-01-18 16:12:44.517710
NVDA,NVIDIA Corporation,2005-11,33.3,36.15,2.6000000000000014,0.07749627421758574,TIME_SERIES_MONTHLY,https://www.alphavantage.co/query?function=TIME_SERIES_MONTHLY&symbol=NVDA&apikey=ZH6DAHUGXSK8J9R1,True,2026-01-18 16:12:44,2026-01-18 16:12:44,2026-01-18 16:12:44.517710
NVDA,NVIDIA Corporation,2005-12,36.45,36.56,0.4100000000000037,0.011341632088520157,TIME_SERIES_MONTHLY,https://www.alphavantage.co/query?function=TIME_SERIES_MONTHLY&symbol=NVDA&apikey=ZH6DAHUGXSK8J9R1,True,2026-01-18 16:12:44,2026-01-18 16:12:44,2026-01-18 16:12:44.517710
NVDA,NVIDIA Corporation,2006-01,36.765,44.96,8.399999999999999,0.22975929978118156,TIME_SERIES_MONTHLY,https://www.alphavantage.co/query?function=TIME_SERIES_MONTHLY&symbol=NVDA&apikey=ZH6DAHUGXSK8J9R1,True,2026-01-18 16:12:44,2026-01-18 16:12:44,2026-01-18 16:12:44.517710
NVDA,NVIDIA Corporation,2006-02,44.15,47.13,2.1700000000000017,0.04826512455516018,TIME_SERIES_MONTHLY,https://www.alphavantage.co/query?function=TIME_SERIES_MONTHLY&symbol=NVDA&apikey=ZH6DAHUGXSK8J9R1,True,2026-01-18 16:12:44,2026-01-18 16:12:44,2026-01-18 16:12:44.517710
NVDA,NVIDIA Corporation,2006-03,47.13,57.26,10.129999999999995,0.21493740717165277,TIME_SERIES_MONTHLY,https://www.alphavantage.co/query?function=TIME_SERIES_MONTHLY&symbol=NVDA&apikey=ZH6DAHUGXSK8J9R1,True,2026-01-18 16:12:44,2026-01-18 16:12:44,2026-01-18 16:12:44.517710
NVDA,NVIDIA Corporation,2006-04,57.69,29.22,-28.04,-0.48969612294795667,TIME_SERIES_MONTHLY,https://www.alphavantage.co/query?function=TIME_SERIES_MONTHLY&symbol=NVDA&apikey=ZH6DAHUGXSK8J9R1,True,2026-01-18 16:12:44,2026-01-18 16:12:44,2026-01-18 16:12:44.517710
NVDA,NVIDIA Corporation,2006-05,29.5,22.98,-6.239999999999998,-0.21355236139630385,TIME_SERIES_MONTHLY,https://www.alphavantage.co/query?function=TIME_SERIES_MONTHLY&symbol=NVDA&apikey=ZH6DAHUGXSK8J9R1,True,2026-01-18 16:12:44,2026-01-18 16:12:44,2026-01-18 16:12:44.517710
NVDA,NVIDIA Corporation,2006-06,23.24,21.29,-1.6900000000000013,-0.07354221061792869,TIME_SERIES_MONTHLY,https://www.alphavantage.co/query?function=TIME_SERIES_MONTHLY&symbol=NVDA&apikey=ZH6DAHUGXSK8J9R1,True,2026-01-18 16:12:44,2026-01-18 16:12:44,2026-01-18 16:12:44.517710
NVDA,NVIDIA Corporation,2006-07,21.78,22.14,0.8500000000000014,0.03992484734617198,TIME_SERIES_MONTHLY,https://www.alphavantage.co/query?function=TIME_SERIES_MONTHLY&symbol=NVDA&apikey=ZH6DAHUGXSK8J9R1,True,2026-01-18 16:12:44,2026-01-18 16:12:44,2026-01-18 16:12:44.517710
NVDA,NVIDIA Corporation,2006-08,21.87,29.11,6.969999999999999,0.31481481481481477,TIME_SERIES_MONTHLY,https://www.alphavantage.co/query?function=TIME_SERIES_MONTHLY&symbol=NVDA&apikey=ZH6DAHUGXSK8J9R1,True,2026-01-18 16:12:44,2026-01-18 16:12:44,2026-01-18 16:12:44.517710
NVDA,NVIDIA Corporation,2006-09,28.68,29.59,0.4800000000000004,0.01648917897629682,TIME_SERIES_MONTHLY,https://www.alphavantage.co/query?function=TIME_SERIES_MONTHLY&symbol=NVDA&apikey=ZH6DAHUGXSK8J9R1,True,2026-01-18 16:12:44,2026-01-18 16:12:44,2026-01-18 16:12:44.517710
NVDA,NVIDIA Corporation,2006-10,29.45,34.87,5.279999999999998,0.17843866171003708,TIME_SERIES_MONTHLY,https://www.alphavantage.co/query?function=TIME_SERIES_MONTHLY&symbol=NVDA&apikey=ZH6DAHUGXSK8J9R1,True,2026-01-18 16:12:44,2026-01-18 16:12:44,2026-01-18 16:12:44.517710
NVDA,NVIDIA Corporation,2006-11,34.41,36.99,2.1200000000000045,0.06079724691712087,TIME_SERIES_MONTHLY,https://www.alphavantage.co/query?function=TIME_SERIES_MONTHLY&symbol=NVDA&apikey=ZH6DAHUGXSK8J9R1,True,2026-01-18 16:12:44,2026-01-18 16:12:44,2026-01-18 16:12:44.517710
NVDA,NVIDIA Corporation,2006-12,36.58,37.01,0.01999999999999602,0.0005406866720734257,TIME_SERIES_MONTHLY,https://www.alphavantage.co/query?function=TIME_SERIES_MONTHLY&symbol=NVDA&apikey=ZH6DAHUGXSK8J9R1,True,2026-01-18 16:12:44,2026-01-18 16:12:44,2026-01-18 16:12:44.517710
NVDA,NVIDIA Corporation,2007-01,37.07,30.65,-6.359999999999999,-0.1718454471764388,TIME_SERIES_MONTHLY,https://www.alphavantage.co/query?function=TIME_SERIES_MONTHLY&symbol=NVDA&apikey=ZH6DAHUGXSK8J9R1,True,2026-01-18 16:12:44,2026-01-18 16:12:44,2026-01-18 16:12:44.517710
NVDA,NVIDIA Corporation,2007-02,30.36,31.0,0.3500000000000014,0.011419249592169705,TIME_SERIES_MONTHLY,https://www.alphavantage.co/query?function=TIME_SERIES_MONTHLY&symbol=NVDA&apikey=ZH6DAHUGXSK8J9R1,True,2026-01-18 16:12:44,2026-01-18 16:12:44,2026-01-18 16:12:44.517710
NVDA,NVIDIA Corporation,2007-03,30.33,28.78,-2.219999999999999,-0.07161290322580642,TIME_SERIES_MONTHLY,https://www.alphavantage.co/query?function=TIME_SERIES_MONTHLY&symbol=NVDA&apikey=ZH6DAHUGXSK8J9R1,True,2026-01-18 16:12:44,2026-01-18 16:12:44,2026-01-18 16:12:44.517710
NVDA,NVIDIA Corporation,2007-04,28.71,32.89,4.109999999999999,0.1428075052119527,TIME_SERIES_MONTHLY,https://www.alphavantage.co/query?function=TIME_SERIES_MONTHLY&symbol=NVDA&apikey=ZH6DAHUGXSK8J9R1,True,2026-01-18 16:12:44,2026-01-18 16:12:44,2026-01-18 16:12:44.517710
NVDA,NVIDIA Corporation,2007-05,33.49,34.639,1.7490000000000023,0.053177257525083683,TIME_SERIES_MONTHLY,https://www.alphavantage.co/query?function=TIME_SERIES_MONTHLY&symbol=NVDA&apikey=ZH6DAHUGXSK8J9R1,True,2026-01-18 16:12:44,2026-01-18 16:12:44,2026-01-18 16:12:44.517710
NVDA,NVIDIA Corporation,2007-06,35.03,41.31,6.670999999999999,0.1925863910620976,TIME_SERIES_MONTHLY,https://www.alphavantage.co/query?function=TIME_SERIES_MONTHLY&symbol=NVDA&apikey=ZH6DAHUGXSK8J9R1,True,2026-01-18 16:12:44,2026-01-18 16:12:44,2026-01-18 16:12:44.517710
NVDA,NVIDIA Corporation,2007-07,41.9,45.76,4.449999999999996,0.10772210118615337,TIME_SERIES_MONTHLY,https://www.alphavantage.co/query?function=TIME_SERIES_MONTHLY&symbol=NVDA&apikey=ZH6DAHUGXSK8J9R1,True,2026-01-18 16:12:44,2026-01-18 16:12:44,2026-01-18 16:12:44.517710
NVDA,NVIDIA Corporation,2007-08,45.1,51.16,5.399999999999999,0.11800699300699298,TIME_SERIES_MONTHLY,https://www.alphavantage.co/query?function=TIME_SERIES_MONTHLY&symbol=NVDA&apikey=ZH6DAHUGXSK8J9R1,True,2026-01-18 16:12:44,2026-01-18 16:12:44,2026-01-18 16:12:44.517710
NVDA,NVIDIA Corporation,2007-09,51.39,36.24,-14.919999999999995,-0.2916340891321344,TIME_SERIES_MONTHLY,https://www.alphavantage.co/query?function=TIME_SERIES_MONTHLY&symbol=NVDA&apikey=ZH6DAHUGXSK8J9R1,True,2026-01-18 16:12:44,2026-01-18 16:12:44,2026-01-18 16:12:44.517710
NVDA,NVIDIA Corporation,2007-10,36.65,35.38,-0.8599999999999994,-0.0237306843267108,TIME_SERIES_MONTHLY,https://www.alphavantage.co/query?function=TIME_SERIES_MONTHLY&symbol=NVDA&apikey=ZH6DAHUGXSK8J9R1,True,2026-01-18 16:12:44,2026-01-18 16:12:44,2026-01-18 16:12:44.517710
NVDA,NVIDIA Corporation,2007-11,34.83,31.54,-3.8400000000000034,-0.1085358959864331,TIME_SERIES_MONTHLY,https://www.alphavantage.co/query?function=TIME_SERIES_MONTHLY&symbol=NVDA&apikey=ZH6DAHUGXSK8J9R1,True,2026-01-18 16:12:44,2026-01-18 16:12:44,2026-01-18 16:12:44.517710
NVDA,NVIDIA Corporation,2007-12,32.0,34.02,2.480000000000004,0.07863031071655054,TIME_SERIES_MONTHLY,https://www.alphavantage.co/query?function=TIME_SERIES_MONTHLY&symbol=NVDA&apikey=ZH6DAHUGXSK8J9R1,True,2026-01-18 16:12:44,2026-01-18 16:12:44,2026-01-18 16:12:44.517710
NVDA,NVIDIA Corporation,2008-01,34.12,24.59,-9.430000000000003,-0.2771898883009995,TIME_SERIES_MONTHLY,https://www.alphavantage.co/query?function=TIME_SERIES_MONTHLY&symbol=NVDA&apikey=ZH6DAHUGXSK8J9R1,True,2026-01-18 16:12:44,2026-01-18 16:12:44,2026-01-18 16:12:44.517710
NVDA,NVIDIA Corporation,2008-02,24.54,21.39,-3.1999999999999993,-0.1301342008946726,TIME_SERIES_MONTHLY,https://www.alphavantage.co/query?function=TIME_SERIES_MONTHLY&symbol=NVDA&apikey=ZH6DAHUGXSK8J9R1,True,2026-01-18 16:12:44,2026-01-18 16:12:44,2026-01-18 16:12:44.517710
NVDA,NVIDIA Corporation,2008-03,21.36,19.79,-1.6000000000000014,-0.07480130902290796,TIME_SERIES_MONTHLY,https://www.alphavantage.co/query?function=TIME_SERIES_MONTHLY&symbol=NVDA&apikey=ZH6DAHUGXSK8J9R1,True,2026-01-18 16:12:44,2026-01-18 16:12:44,2026-01-18 16:12:44.517710
NVDA,NVIDIA Corporation,2008-04,20.38,20.55,0.7600000000000016,0.03840323395654379,TIME_SERIES_MONTHLY,https://www.alphavantage.co/query?function=TIME_SERIES_MONTHLY&symbol=NVDA&apikey=ZH6DAHUGXSK8J9R1,True,2026-01-18 16:12:44,2026-01-18 16:12:44,2026-01-18 16:12:44.517710
NVDA,NVIDIA Corporation,2008-05,20.8,24.7,4.149999999999999,0.20194647201946464,TIME_SERIES_MONTHLY,https://www.alphavantage.co/query?function=TIME_SERIES_MONTHLY&symbol=NVDA&apikey=ZH6DAHUGXSK8J9R1,True,2026-01-18 16:12:44,2026-01-18 16:12:44,2026-01-18 16:12:44.517710
NVDA,NVIDIA Corporation,2008-06,24.7,18.72,-5.98,-0.24210526315789477,TIME_SERIES_MONTHLY,https://www.alphavantage.co/query?function=TIME_SERIES_MONTHLY&symbol=NVDA&apikey=ZH6DAHUGXSK8J9R1,True,2026-01-18 16:12:44,2026-01-18 16:12:44,2026-01-18 16:12:44.517710
NVDA,NVIDIA Corporation,2008-07,18.55,11.44,-7.279999999999999,-0.3888888888888889,TIME_SERIES_MONTHLY,https://www.alphavantage.co/query?function=TIME_SERIES_MONTHLY&symbol=NVDA&apikey=ZH6DAHUGXSK8J9R1,True,2026-01-18 16:12:44,2026-01-18 16:12:44,2026-01-18 16:12:44.517710
NVDA,NVIDIA Corporation,2008-08,11.14,12.64,1.200000000000001,0.10489510489510499,TIME_SERIES_MONTHLY,https://www.alphavantage.co/query?function=TIME_SERIES_MONTHLY&symbol=NVDA&apikey=ZH6DAHUGXSK8J9R1,True,2026-01-18 16:12:44,2026-01-18 16:12:44,2026-01-18 16:12:44.517710
NVDA,NVIDIA Corporation,2008-09,12.85,10.71,-1.9299999999999997,-0.1526898734177215,TIME_SERIES_MONTHLY,https://www.alphavantage.co/query?function=TIME_SERIES_MONTHLY&symbol=NVDA&apikey=ZH6DAHUGXSK8J9R1,True,2026-01-18 16:12:44,2026-01-18 16:12:44,2026-01-18 16:12:44.517710
NVDA,NVIDIA Corporation,2008-10,10.55,8.76,-1.950000000000001,-0.18207282913165274,TIME_SERIES_MONTHLY,https://www.alphavantage.co/query?function=TIME_SERIES_MONTHLY&symbol=NVDA&apikey=ZH6DAHUGXSK8J9R1,True,2026-01-18 16:12:44,2026-01-18 16:12:44,2026-01-18 16:12:44.517710
NVDA,NVIDIA Corporation,2008-11,8.95,7.47,-1.29,-0.14726027397260275,TIME_SERIES_MONTHLY,https://www.alphavantage.co/query?function=TIME_SERIES_MONTHLY&symbol=NVDA&apikey=ZH6DAHUGXSK8J9R1,True,2026-01-18 16:12:44,2026-01-18 16:12:44,2026-01-18 16:12:44.517710
NVDA,NVIDIA Corporation,2008-12,7.17,8.07,0.6000000000000005,0.08032128514056232,TIME_SERIES_MONTHLY,https://www.alphavantage.co/query?function=TIME_SERIES_MONTHLY&symbol=NVDA&apikey=ZH6DAHUGXSK8J9R1,True,2026-01-18 16:12:44,2026-01-18 16:12:44,2026-01-18 16:12:44.517710
NVDA,NVIDIA Corporation,2009-01,8.07,7.95,-0.1200000000000001,-0.014869888475836444,TIME_SERIES_MONTHLY,https://www.alphavantage.co/query?function=TIME_SERIES_MONTHLY&symbol=NVDA&apikey=ZH6DAHUGXSK8J9R1,True,2026-01-18 16:12:44,2026-01-18 16:12:44,2026-01-18 16:12:44.517710
NVDA,NVIDIA Corporation,2009-02,7.83,8.28,0.3299999999999992,0.041509433962264045,TIME_SERIES_MONTHLY,https://www.alphavantage.co/query?function=TIME_SERIES_MONTHLY&symbol=NVDA&apikey=ZH6DAHUGXSK8J9R1,True,2026-01-18 16:12:44,2026-01-18 16:12:44,2026-01-18 16:12:44.517710
NVDA,NVIDIA Corporation,2009-03,7.95,9.86,1.58,0.19082125603864736,TIME_SERIES_MONTHLY,https://www.alphavantage.co/query?function=TIME_SERIES_MONTHLY&symbol=NVDA&apikey=ZH6DAHUGXSK8J9R1,True,2026-01-18 16:12:44,2026-01-18 16:12:44,2026-01-18 16:12:44.517710
NVDA,NVIDIA Corporation,2009-04,9.74,11.48,1.620000000000001,0.16430020283975671,TIME_SERIES_MONTHLY,https://www.alphavantage.co/query?function=TIME_SERIES_MONTHLY&symbol=NVDA&apikey=ZH6DAHUGXSK8J9R1,True,2026-01-18 16:12:44,2026-01-18 16:12:44,2026-01-18 16:12:44.517710
NVDA,NVIDIA Corporation,2009-05,11.45,10.43,-1.0500000000000007,-0.0914634146341464,TIME_SERIES_MONTHLY,https://www.alphavantage.co/query?function=TIME_SERIES_MONTHLY&symbol=NVDA&apikey=ZH6DAHUGXSK8J9R1,True,2026-01-18 16:12:44,2026-01-18 16:12:44,2026-01-18 16:12:44.517710
NVDA,NVIDIA Corporation,2009-06,10.55,11.29,0.8599999999999994,0.08245445829338442,TIME_SERIES_MONTHLY,https://www.alphavantage.co/query?function=TIME_SERIES_MONTHLY&symbol=NVDA&apikey=ZH6DAHUGXSK8J9R1,True,2026-01-18 16:12:44,2026-01-18 16:12:44,2026-01-18 16:12:44.517710
NVDA,NVIDIA Corporation,2009-07,11.36,12.93,1.6400000000000006,0.1452612931798052,TIME_SERIES_MONTHLY,https://www.alphavantage.co/query?function=TIME_SERIES_MONTHLY&symbol=NVDA&apikey=ZH6DAHUGXSK8J9R1,True,2026-01-18 16:12:44,2026-01-18 16:12:44,2026-01-18 16:12:44.517710
NVDA,NVIDIA Corporation,2009-08,13.24,14.52,1.5899999999999999,0.12296983758700696,TIME_SERIES_MONTHLY,https://www.alphavantage.co/query?function=TIME_SERIES_MONTHLY&symbol=NVDA&apikey=ZH6DAHUGXSK8J9R1,True,2026-01-18 16:12:44,2026-01-18 16:12:44,2026-01-18 16:12:44.517710
NVDA,NVIDIA Corporation,2009-09,14.51,15.03,0.5099999999999998,0.03512396694214875,TIME_SERIES_MONTHLY,https://www.alphavantage.co/query?function=TIME_SERIES_MONTHLY&symbol=NVDA&apikey=ZH6DAHUGXSK8J9R1,True,2026-01-18 16:12:44,2026-01-18 16:12:44,2026-01-18 16:12:44.517710
NVDA,NVIDIA Corporation,2009-10,14.98,11.96,-3.0699999999999985,-0.2042581503659347,TIME_SERIES_MONTHLY,https://www.alphavantage.co/query?function=TIME_SERIES_MONTHLY&symbol=NVDA&apikey=ZH6DAHUGXSK8J9R1,True,2026-01-18 16:12:44,2026-01-18 16:12:44,2026-01-18 16:12:44.517710
NVDA,NVIDIA Corporation,2009-11,11.94,13.06,1.0999999999999996,0.09197324414715716,TIME_SERIES_MONTHLY,https://www.alphavantage.co/query?function=TIME_SERIES_MONTHLY&symbol=NVDA&apikey=ZH6DAHUGXSK8J9R1,True,2026-01-18 16:12:44,2026-01-18 16:12:44,2026-01-18 16:12:44.517710
NVDA,NVIDIA Corporation,2009-12,13.13,18.68,5.619999999999999,0.4303215926493108,TIME_SERIES_MONTHLY,https://www.alphavantage.co/query?function=TIME_SERIES_MONTHLY&symbol=NVDA&apikey=ZH6DAHUGXSK8J9R1,True,2026-01-18 16:12:44,2026-01-18 16:12:44,2026-01-18 16:12:44.517710
NVDA,NVIDIA Corporation,2010-01,18.51,15.39,-3.289999999999999,-0.1761241970021413,TIME_SERIES_MONTHLY,https://www.alphavantage.co/query?function=TIME_SERIES_MONTHLY&symbol=NVDA&apikey=ZH6DAHUGXSK8J9R1,True,2026-01-18 16:12:44,2026-01-18 16:12:44,2026-01-18 16:12:44.517710
NVDA,NVIDIA Corporation,2010-02,15.45,16.2,0.8099999999999987,0.052631578947368335,TIME_SERIES_MONTHLY,https://www.alphavantage.co/query?function=TIME_SERIES_MONTHLY&symbol=NVDA&apikey=ZH6DAHUGXSK8J9R1,True,2026-01-18 16:12:44,2026-01-18 16:12:44,2026-01-18 16:12:44.517710
NVDA,NVIDIA Corporation,2010-03,16.21,17.4,1.1999999999999993,0.07407407407407403,TIME_SERIES_MONTHLY,https://www.alphavantage.co/query?function=TIME_SERIES_MONTHLY&symbol=NVDA&apikey=ZH6DAHUGXSK8J9R1,True,2026-01-18 16:12:44,2026-01-18 16:12:44,2026-01-18 16:12:44.517710
NVDA,NVIDIA Corporation,2010-04,17.48,15.71,-1.6899999999999977,-0.09712643678160908,TIME_SERIES_MONTHLY,https://www.alphavantage.co/query?function=TIME_SERIES_MONTHLY&symbol=NVDA&apikey=ZH6DAHUGXSK8J9R1,True,2026-01-18 16:12:44,2026-01-18 16:12:44,2026-01-18 16:12:44.517710
NVDA,NVIDIA Corporation,2010-05,15.79,13.14,-2.5700000000000003,-0.16359007001909612,TIME_SERIES_MONTHLY,https://www.alphavantage.co/query?function=TIME_SERIES_MONTHLY&symbol=NVDA&apikey=ZH6DAHUGXSK8J9R1,True,2026-01-18 16:12:44,2026-01-18 16:12:44,2026-01-18 16:12:44.517710
NVDA,NVIDIA Corporation,2010-06,12.96,10.21,-2.9299999999999997,-0.22298325722983253,TIME_SERIES_MONTHLY,https://www.alphavantage.co/query?function=TIME_SERIES_MONTHLY&symbol=NVDA&apikey=ZH6DAHUGXSK8J9R1,True,2026-01-18 16:12:44,2026-01-18 16:12:44,2026-01-18 16:12:44.517710
NVDA,NVIDIA Corporation,2010-07,10.24,9.19,-1.0200000000000014,-0.09990205680705204,TIME_SERIES_MONTHLY,https://www.alphavantage.co/query?function=TIME_SERIES_MONTHLY&symbol=NVDA&apikey=ZH6DAHUGXSK8J9R1,True,2026-01-18 16:12:44,2026-01-18 16:12:44,2026-01-18 16:12:44.517710
NVDA,NVIDIA Corporation,2010-08,9.35,9.325,0.1349999999999998,0.014689880304678977,TIME_SERIES_MONTHLY,https://www.alphavantage.co/query?function=TIME_SERIES_MONTHLY&symbol=NVDA&apikey=ZH6DAHUGXSK8J9R1,True,2026-01-18 16:12:44,2026-01-18 16:12:44,2026-01-18 16:12:44.517710
NVDA,NVIDIA Corporation,2010-09,9.47,11.682,2.357000000000001,0.2527613941018768,TIME_SERIES_MONTHLY,https://www.alphavantage.co/query?function=TIME_SERIES_MONTHLY&symbol=NVDA&apikey=ZH6DAHUGXSK8J9R1,True,2026-01-18 16:12:44,2026-01-18 16:12:44,2026-01-18 16:12:44.517710
NVDA,NVIDIA Corporation,2010-10,11.85,12.0205,0.3384999999999998,0.028976202705016246,TIME_SERIES_MONTHLY,https://www.alphavantage.co/query?function=TIME_SERIES_MONTHLY&symbol=NVDA&apikey=ZH6DAHUGXSK8J9R1,True,2026-01-18 16:12:44,2026-01-18 16:12:44,2026-01-18 16:12:44.517710
NVDA,NVIDIA Corporation,2010-11,12.1,13.609,1.5884999999999998,0.13214924503972378,TIME_SERIES_MONTHLY,https://www.alphavantage.co/query?function=TIME_SERIES_MONTHLY&symbol=NVDA&apikey=ZH6DAHUGXSK8J9R1,True,2026-01-18 16:12:44,2026-01-18 16:12:44,2026-01-18 16:12:44.517710
NVDA,NVIDIA Corporation,2010-12,13.88,15.4,1.7910000000000004,0.1316040855316335,TIME_SERIES_MONTHLY,https://www.alphavantage.co/query?function=TIME_SERIES_MONTHLY&symbol=NVDA&apikey=ZH6DAHUGXSK8J9R1,True,2026-01-18 16:12:44,2026-01-18 16:12:44,2026-01-18 16:12:44.517710
NVDA,NVIDIA Corporation,2011-01,15.52,23.92,8.520000000000001,0.5532467532467533,TIME_SERIES_MONTHLY,https://www.alphavantage.co/query?function=TIME_SERIES_MONTHLY&symbol=NVDA&apikey=ZH6DAHUGXSK8J9R1,True,2026-01-18 16:12:44,2026-01-18 16:12:44,2026-01-18 16:12:44.517710
NVDA,NVIDIA Corporation,2011-02,24.13,22.66,-1.2600000000000016,-0.052675585284281,TIME_SERIES_MONTHLY,https://www.alphavantage.co/query?function=TIME_SERIES_MONTHLY&symbol=NVDA&apikey=ZH6DAHUGXSK8J9R1,True,2026-01-18 16:12:44,2026-01-18 16:12:44,2026-01-18 16:12:44.517710
NVDA,NVIDIA Corporation,2011-03,22.7,18.46,-4.199999999999999,-0.18534863195057366,TIME_SERIES_MONTHLY,https://www.alphavantage.co/query?function=TIME_SERIES_MONTHLY&symbol=NVDA&apikey=ZH6DAHUGXSK8J9R1,True,2026-01-18 16:12:44,2026-01-18 16:12:44,2026-01-18 16:12:44.517710
NVDA,NVIDIA Corporation,2011-04,18.7,20.0,1.5399999999999991,0.08342361863488619,TIME_SERIES_MONTHLY,https://www.alphavantage.co/query?function=TIME_SERIES_MONTHLY&symbol=NVDA&apikey=ZH6DAHUGXSK8J9R1,True,2026-01-18 16:12:44,2026-01-18 16:12:44,2026-01-18 16:12:44.517710
NVDA,NVIDIA Corporation,2011-05,20.42,20.04,0.03999999999999915,0.0019999999999999575,TIME_SERIES_MONTHLY,https://www.alphavantage.co/query?function=TIME_SERIES_MONTHLY&symbol=NVDA&apikey=ZH6DAHUGXSK8J9R1,True,2026-01-18 16:12:44,2026-01-18 16:12:44,2026-01-18 16:12:44.517710
NVDA,NVIDIA Corporation,2011-06,19.95,15.935,-4.104999999999999,-0.2048403193612774,TIME_SERIES_MONTHLY,https://www.alphavantage.co/query?function=TIME_SERIES_MONTHLY&symbol=NVDA&apikey=ZH6DAHUGXSK8J9R1,True,2026-01-18 16:12:44,2026-01-18 16:12:44,2026-01-18 16:12:44.517710
NVDA,NVIDIA Corporation,2011-07,15.94,13.83,-2.1050000000000004,-0.1320991528082837,TIME_SERIES_MONTHLY,https://www.alphavantage.co/query?function=TIME_SERIES_MONTHLY&symbol=NVDA&apikey=ZH6DAHUGXSK8J9R1,True,2026-01-18 16:12:44,2026-01-18 16:12:44,2026-01-18 16:12:44.517710
NVDA,NVIDIA Corporation,2011-08,14.15,13.31,-0.5199999999999996,-0.037599421547360776,TIME_SERIES_MONTHLY,https://www.alphavantage.co/query?function=TIME_SERIES_MONTHLY&symbol=NVDA&apikey=ZH6DAHUGXSK8J9R1,True,2026-01-18 16:12:44,2026-01-18 16:12:44,2026-01-18 16:12:44.517710
NVDA,NVIDIA Corporation,2011-09,13.49,12.51,-0.8000000000000007,-0.06010518407212627,TIME_SERIES_MONTHLY,https://www.alphavantage.co/query?function=TIME_SERIES_MONTHLY&symbol=NVDA&apikey=ZH6DAHUGXSK8J9R1,True,2026-01-18 16:12:44,2026-01-18 16:12:44,2026-01-18 16:12:44.517710
NVDA,NVIDIA Corporation,2011-10,12.35,14.8,2.290000000000001,0.18305355715427665,TIME_SERIES_MONTHLY,https://www.alphavantage.co/query?function=TIME_SERIES_MONTHLY&symbol=NVDA&apikey=ZH6DAHUGXSK8J9R1,True,2026-01-18 16:12:44,2026-01-18 16:12:44,2026-01-18 16:12:44.517710
NVDA,NVIDIA Corporation,2011-11,14.26,15.63,0.8300000000000001,0.056081081081081084,TIME_SERIES_MONTHLY,https://www.alphavantage.co/query?function=TIME_SERIES_MONTHLY&symbol=NVDA&apikey=ZH6DAHUGXSK8J9R1,True,2026-01-18 16:12:44,2026-01-18 16:12:44,2026-01-18 16:12:44.517710
NVDA,NVIDIA Corporation,2011-12,15.5,13.86,-1.7700000000000014,-0.1132437619961613,TIME_SERIES_MONTHLY,https://www.alphavantage.co/query?function=TIME_SERIES_MONTHLY&symbol=NVDA&apikey=ZH6DAHUGXSK8J9R1,True,2026-01-18 16:12:44,2026-01-18 16:12:44,2026-01-18 16:12:44.517710
NVDA,NVIDIA Corporation,2012-01,14.3,14.77,0.9100000000000001,0.06565656565656566,TIME_SERIES_MONTHLY,https://www.alphavantage.co/query?function=TIME_SERIES_MONTHLY&symbol=NVDA&apikey=ZH6DAHUGXSK8J9R1,True,2026-01-18 16:12:44,2026-01-18 16:12:44,2026-01-18 16:12:44.517710
NVDA,NVIDIA Corporation,2012-02,14.94,15.15,0.3800000000000008,0.025727826675694027,TIME_SERIES_MONTHLY,https://www.alphavantage.co/query?function=TIME_SERIES_MONTHLY&symbol=NVDA&apikey=ZH6DAHUGXSK8J9R1,True,2026-01-18 16:12:44,2026-01-18 16:12:44,2026-01-18 16:12:44.517710
NVDA,NVIDIA Corporation,2012-03,15.21,15.395,0.24499999999999922,0.01617161716171612,TIME_SERIES_MONTHLY,https://www.alphavantage.co/query?function=TIME_SERIES_MONTHLY&symbol=NVDA&apikey=ZH6DAHUGXSK8J9R1,True,2026-01-18 16:12:44,2026-01-18 16:12:44,2026-01-18 16:12:44.517710
NVDA,NVIDIA Corporation,2012-04,15.36,13.0,-2.3949999999999996,-0.15556999025657678,TIME_SERIES_MONTHLY,https://www.alphavantage.co/query?function=TIME_SERIES_MONTHLY&symbol=NVDA&apikey=ZH6DAHUGXSK8J9R1,True,2026-01-18 16:12:44,2026-01-18 16:12:44,2026-01-18 16:12:44.517710
NVDA,NVIDIA Corporation,2012-05,12.93,12.43,-0.5700000000000003,-0.04384615384615387,TIME_SERIES_MONTHLY,https://www.alphavantage.co/query?function=TIME_SERIES_MONTHLY&symbol=NVDA&apikey=ZH6DAHUGXSK8J9R1,True,2026-01-18 16:12:44,2026-01-18 16:12:44,2026-01-18 16:12:44.517710
NVDA,NVIDIA Corporation,2012-06,12.17,13.82,1.3900000000000006,0.11182622687047471,TIME_SERIES_MONTHLY,https://www.alphavantage.co/query?function=TIME_SERIES_MONTHLY&symbol=NVDA&apikey=ZH6DAHUGXSK8J9R1,True,2026-01-18 16:12:44,2026-01-18 16:12:44,2026-01-18 16:12:44.517710
NVDA,NVIDIA Corporation,2012-07,13.89,13.54,-0.28000000000000114,-0.020260492040521067,TIME_SERIES_MONTHLY,https://www.alphavantage.co/query?function=TIME_SERIES_MONTHLY&symbol=NVDA&apikey=ZH6DAHUGXSK8J9R1,True,2026-01-18 16:12:44,2026-01-18 16:12:44,2026-01-18 16:12:44.517710
NVDA,NVIDIA Corporation,2012-08,13.62,14.03,0.4900000000000002,0.03618906942392912,TIME_SERIES_MONTHLY,https://www.alphavantage.co/query?function=TIME_SERIES_MONTHLY&symbol=NVDA&apikey=ZH6DAHUGXSK8J9R1,True,2026-01-18 16:12:44,2026-01-18 16:12:44,2026-01-18 16:12:44.517710
NVDA,NVIDIA Corporation,2012-09,13.8,13.34,-0.6899999999999995,-0.04918032786885242,TIME_SERIES_MONTHLY,https://www.alphavantage.co/query?function=TIME_SERIES_MONTHLY&symbol=NVDA&apikey=ZH6DAHUGXSK8J9R1,True,2026-01-18 16:12:44,2026-01-18 16:12:44,2026-01-18 16:12:44.517710
NVDA,NVIDIA Corporation,2012-10,13.4,11.975,-1.3650000000000002,-0.10232383808095953,TIME_SERIES_MONTHLY,https://www.alphavantage.co/query?function=TIME_SERIES_MONTHLY&symbol=NVDA&apikey=ZH6DAHUGXSK8J9R1,True,2026-01-18 16:12:44,2026-01-18 16:12:44,2026-01-18 16:12:44.517710
NVDA,NVIDIA Corporation,2012-11,12.04,11.97,-0.004999999999999005,-0.000417536534446681,TIME_SERIES_MONTHLY,https://www.alphavantage.co/query?function=TIME_SERIES_MONTHLY&symbol=NVDA&apikey=ZH6DAHUGXSK8J9R1,True,2026-01-18 16:12:44,2026-01-18 16:12:44,2026-01-18 16:12:44.517710
NVDA,NVIDIA Corporation,2012-12,12.12,12.26,0.28999999999999915,0.02422723475355047,TIME_SERIES_MONTHLY,https://www.alphavantage.co/query?function=TIME_SERIES_MONTHLY&symbol=NVDA&apikey=ZH6DAHUGXSK8J9R1,True,2026-01-18 16:12:44,2026-01-18 16:12:44,2026-01-18 16:12:44.517710
NVDA,NVIDIA Corporation,2013-01,12.56,12.26,0.0,0.0,TIME_SERIES_MONTHLY,https://www.alphavantage.co/query?function=TIME_SERIES_MONTHLY&symbol=NVDA&apikey=ZH6DAHUGXSK8J9R1,True,2026-01-18 16:12:44,2026-01-18 16:12:44,2026-01-18 16:12:44.517710
NVDA,NVIDIA Corporation,2013-02,12.36,12.66,0.40000000000000036,0.03262642740619905,TIME_SERIES_MONTHLY,https://www.alphavantage.co/query?function=TIME_SERIES_MONTHLY&symbol=NVDA&apikey=ZH6DAHUGXSK8J9R1,True,2026-01-18 16:12:44,2026-01-18 16:12:44,2026-01-18 16:12:44.517710
NVDA,NVIDIA Corporation,2013-03,12.57,12.83,0.16999999999999993,0.013428120063191147,TIME_SERIES_MONTHLY,https://www.alphavantage.co/query?function=TIME_SERIES_MONTHLY&symbol=NVDA&apikey=ZH6DAHUGXSK8J9R1,True,2026-01-18 16:12:44,2026-01-18 16:12:44,2026-01-18 16:12:44.517710
NVDA,NVIDIA Corporation,2013-04,12.8,13.77,0.9399999999999995,0.0732657833203429,TIME_SERIES_MONTHLY,https://www.alphavantage.co/query?function=TIME_SERIES_MONTHLY&symbol=NVDA&apikey=ZH6DAHUGXSK8J9R1,True,2026-01-18 16:12:44,2026-01-18 16:12:44,2026-01-18 16:12:44.517710
NVDA,NVIDIA Corporation,2013-05,13.77,14.47,0.7000000000000011,0.05083514887436464,TIME_SERIES_MONTHLY,https://www.alphavantage.co/query?function=TIME_SERIES_MONTHLY&symbol=NVDA&apikey=ZH6DAHUGXSK8J9R1,True,2026-01-18 16:12:44,2026-01-18 16:12:44,2026-01-18 16:12:44.517710
NVDA,NVIDIA Corporation,2013-06,14.49,14.04,-0.4300000000000015,-0.029716655148583376,TIME_SERIES_MONTHLY,https://www.alphavantage.co/query?function=TIME_SERIES_MONTHLY&symbol=NVDA&apikey=ZH6DAHUGXSK8J9R1,True,2026-01-18 16:12:44,2026-01-18 16:12:44,2026-01-18 16:12:44.517710
NVDA,NVIDIA Corporation,2013-07,14.14,14.435,0.39500000000000135,0.02813390313390323,TIME_SERIES_MONTHLY,https://www.alphavantage.co/query?function=TIME_SERIES_MONTHLY&symbol=NVDA&apikey=ZH6DAHUGXSK8J9R1,True,2026-01-18 16:12:44,2026-01-18 16:12:44,2026-01-18 16:12:44.517710
NVDA,NVIDIA Corporation,2013-08,14.49,14.75,0.3149999999999995,0.021821960512642846,TIME_SERIES_MONTHLY,https://www.alphavantage.co/query?function=TIME_SERIES_MONTHLY&symbol=NVDA&apikey=ZH6DAHUGXSK8J9R1,True,2026-01-18 16:12:44,2026-01-18 16:12:44,2026-01-18 16:12:44.517710
NVDA,NVIDIA Corporation,2013-09,14.79,15.56,0.8100000000000005,0.05491525423728817,TIME_SERIES_MONTHLY,https://www.alphavantage.co/query?function=TIME_SERIES_MONTHLY&symbol=NVDA&apikey=ZH6DAHUGXSK8J9R1,True,2026-01-18 16:12:44,2026-01-18 16:12:44,2026-01-18 16:12:44.517710
NVDA,NVIDIA Corporation,2013-10,15.58,15.189,-0.37100000000000044,-0.023843187660668407,TIME_SERIES_MONTHLY,https://www.alphavantage.co/query?function=TIME_SERIES_MONTHLY&symbol=NVDA&apikey=ZH6DAHUGXSK8J9R1,True,2026-01-18 16:12:44,2026-01-18 16:12:44,2026-01-18 16:12:44.517710
NVDA,NVIDIA Corporation,2013-11,15.27,15.6,0.4109999999999996,0.027059055895713977,TIME_SERIES_MONTHLY,https://www.alphavantage.co/query?function=TIME_SERIES_MONTHLY&symbol=NVDA&apikey=ZH6DAHUGXSK8J9R1,True,2026-01-18 16:12:44,2026-01-18 16:12:44,2026-01-18 16:12:44.517710
NVDA,NVIDIA Corporation,2013-12,15.54,16.02,0.41999999999999993,0.026923076923076918,TIME_SERIES_MONTHLY,https://www.alphavantage.co/query?function=TIME_SERIES_MONTHLY&symbol=NVDA&apikey=ZH6DAHUGXSK8J9R1,True,2026-01-18 16:12:44,2026-01-18 16:12:44,2026-01-18 16:12:44.517710
NVDA,NVIDIA Corporation,2014-01,15.92,15.7,-0.3200000000000003,-0.019975031210986285,TIME_SERIES_MONTHLY,https://www.alphavantage.co/query?function=TIME_SERIES_MONTHLY&symbol=NVDA&apikey=ZH6DAHUGXSK8J9R1,True,2026-01-18 16:12:44,2026-01-18 16:12:44,2026-01-18 16:12:44.517710
NVDA,NVIDIA Corporation,2014-02,15.81,18.38,2.6799999999999997,0.17070063694267515,TIME_SERIES_MONTHLY,https://www.alphavantage.co/query?function=TIME_SERIES_MONTHLY&symbol=NVDA&apikey=ZH6DAHUGXSK8J9R1,True,2026-01-18 16:12:44,2026-01-18 16:12:44,2026-01-18 16:12:44.517710
NVDA,NVIDIA Corporation,2014-03,17.97,17.91,-0.46999999999999886,-0.02557127312295968,TIME_SERIES_MONTHLY,https://www.alphavantage.co/query?function=TIME_SERIES_MONTHLY&symbol=NVDA&apikey=ZH6DAHUGXSK8J9R1,True,2026-01-18 16:12:44,2026-01-18 16:12:44,2026-01-18 16:12:44.517710
NVDA,NVIDIA Corporation,2014-04,18.48,18.47,0.5599999999999987,0.03126744835287542,TIME_SERIES_MONTHLY,https://www.alphavantage.co/query?function=TIME_SERIES_MONTHLY&symbol=NVDA&apikey=ZH6DAHUGXSK8J9R1,True,2026-01-18 16:12:44,2026-01-18 16:12:44,2026-01-18 16:12:44.517710
NVDA,NVIDIA Corporation,2014-05,18.75,19.0,0.5300000000000011,0.028695181375203094,TIME_SERIES_MONTHLY,https://www.alphavantage.co/query?function=TIME_SERIES_MONTHLY&symbol=NVDA&apikey=ZH6DAHUGXSK8J9R1,True,2026-01-18 16:12:44,2026-01-18 16:12:44,2026-01-18 16:12:44.517710
NVDA,NVIDIA Corporation,2014-06,19.06,18.54,-0.46000000000000085,-0.02421052631578952,TIME_SERIES_MONTHLY,https://www.alphavantage.co/query?function=TIME_SERIES_MONTHLY&symbol=NVDA&apikey=ZH6DAHUGXSK8J9R1,True,2026-01-18 16:12:44,2026-01-18 16:12:44,2026-01-18 16:12:44.517710
NVDA,NVIDIA Corporation,2014-07,18.52,17.5,-1.0399999999999991,-0.0560949298813376,TIME_SERIES_MONTHLY,https://www.alphavantage.co/query?function=TIME_SERIES_MONTHLY&symbol=NVDA&apikey=ZH6DAHUGXSK8J9R1,True,2026-01-18 16:12:44,2026-01-18 16:12:44,2026-01-18 16:12:44.517710
NVDA,NVIDIA Corporation,2014-08,17.5,19.45,1.9499999999999993,0.11142857142857139,TIME_SERIES_MONTHLY,https://www.alphavantage.co/query?function=TIME_SERIES_MONTHLY&symbol=NVDA&apikey=ZH6DAHUGXSK8J9R1,True,2026-01-18 16:12:44,2026-01-18 16:12:44,2026-01-18 16:12:44.517710
NVDA,NVIDIA Corporation,2014-09,19.5,18.45,-1.0,-0.05141388174807198,TIME_SERIES_MONTHLY,https://www.alphavantage.co/query?function=TIME_SERIES_MONTHLY&symbol=NVDA&apikey=ZH6DAHUGXSK8J9R1,True,2026-01-18 16:12:44,2026-01-18 16:12:44,2026-01-18 16:12:44.517710
NVDA,NVIDIA Corporation,2014-10,18.48,19.54,1.0899999999999999,0.05907859078590785,TIME_SERIES_MONTHLY,https://www.alphavantage.co/query?function=TIME_SERIES_MONTHLY&symbol=NVDA&apikey=ZH6DAHUGXSK8J9R1,True,2026-01-18 16:12:44,2026-01-18 16:12:44,2026-01-18 16:12:44.517710
NVDA,NVIDIA Corporation,2014-11,19.99,20.97,1.4299999999999997,0.07318321392016376,TIME_SERIES_MONTHLY,https://www.alphavantage.co/query?function=TIME_SERIES_MONTHLY&symbol=NVDA&apikey=ZH6DAHUGXSK8J9R1,True,2026-01-18 16:12:44,2026-01-18 16:12:44,2026-01-18 16:12:44.517710
NVDA,NVIDIA Corporation,2014-12,20.88,20.05,-0.9199999999999982,-0.04387219837863606,TIME_SERIES_MONTHLY,https://www.alphavantage.co/query?function=TIME_SERIES_MONTHLY&symbol=NVDA&apikey=ZH6DAHUGXSK8J9R1,True,2026-01-18 16:12:44,2026-01-18 16:12:44,2026-01-18 16:12:44.517710
NVDA,NVIDIA Corporation,2015-01,20.13,19.205,-0.8450000000000024,-0.042144638403990145,TIME_SERIES_MONTHLY,https://www.alphavantage.co/query?function=TIME_SERIES_MONTHLY&symbol=NVDA&apikey=ZH6DAHUGXSK8J9R1,True,2026-01-18 16:12:44,2026-01-18 16:12:44,2026-01-18 16:12:44.517710
NVDA,NVIDIA Corporation,2015-02,19.32,22.06,2.8550000000000004,0.14865920333246554,TIME_SERIES_MONTHLY,https://www.alphavantage.co/query?function=TIME_SERIES_MONTHLY&symbol=NVDA&apikey=ZH6DAHUGXSK8J9R1,True,2026-01-18 16:12:44,2026-01-18 16:12:44,2026-01-18 16:12:44.517710
NVDA,NVIDIA Corporation,2015-03,22.0,20.925,-1.134999999999998,-0.05145058930190381,TIME_SERIES_MONTHLY,https://www.alphavantage.co/query?function=TIME_SERIES_MONTHLY&symbol=NVDA&apikey=ZH6DAHUGXSK8J9R1,True,2026-01-18 16:12:44,2026-01-18 16:12:44,2026-01-18 16:12:44.517710
NVDA,NVIDIA Corporation,2015-04,21.01,22.195,1.2699999999999996,0.06069295101553164,TIME_SERIES_MONTHLY,https://www.alphavantage.co/query?function=TIME_SERIES_MONTHLY&symbol=NVDA&apikey=ZH6DAHUGXSK8J9R1,True,2026-01-18 16:12:44,2026-01-18 16:12:44,2026-01-18 16:12:44.517710
NVDA,NVIDIA Corporation,2015-05,22.38,22.13,-0.06500000000000128,-0.0029285875197117045,TIME_SERIES_MONTHLY,https://www.alphavantage.co/query?function=TIME_SERIES_MONTHLY&symbol=NVDA&apikey=ZH6DAHUGXSK8J9R1,True,2026-01-18 16:12:44,2026-01-18 16:12:44,2026-01-18 16:12:44.517710
NVDA,NVIDIA Corporation,2015-06,22.27,20.11,-2.0199999999999996,-0.0912788070492544,TIME_SERIES_MONTHLY,https://www.alphavantage.co/query?function=TIME_SERIES_MONTHLY&symbol=NVDA&apikey=ZH6DAHUGXSK8J9R1,True,2026-01-18 16:12:44,2026-01-18 16:12:44,2026-01-18 16:12:44.517710
NVDA,NVIDIA Corporation,2015-07,20.61,19.95,-0.16000000000000014,-0.007956240676280465,TIME_SERIES_MONTHLY,https://www.alphavantage.co/query?function=TIME_SERIES_MONTHLY&symbol=NVDA&apikey=ZH6DAHUGXSK8J9R1,True,2026-01-18 16:12:44,2026-01-18 16:12:44,2026-01-18 16:12:44.517710
NVDA,NVIDIA Corporation,2015-08,20.11,22.48,2.530000000000001,0.12681704260651636,TIME_SERIES_MONTHLY,https://www.alphavantage.co/query?function=TIME_SERIES_MONTHLY&symbol=NVDA&apikey=ZH6DAHUGXSK8J9R1,True,2026-01-18 16:12:44,2026-01-18 16:12:44,2026-01-18 16:12:44.517710
NVDA,NVIDIA Corporation,2015-09,21.83,24.64,2.16,0.09608540925266905,TIME_SERIES_MONTHLY,https://www.alphavantage.co/query?function=TIME_SERIES_MONTHLY&symbol=NVDA&apikey=ZH6DAHUGXSK8J9R1,True,2026-01-18 16:12:44,2026-01-18 16:12:44,2026-01-18 16:12:44.517710
NVDA,NVIDIA Corporation,2015-10,24.65,28.37,3.7300000000000004,0.15137987012987014,TIME_SERIES_MONTHLY,https://www.alphavantage.co/query?function=TIME_SERIES_MONTHLY&symbol=NVDA&apikey=ZH6DAHUGXSK8J9R1,True,2026-01-18 16:12:44,2026-01-18 16:12:44,2026-01-18 16:12:44.517710
NVDA,NVIDIA Corporation,2015-11,28.46,31.72,3.349999999999998,0.1180824814945364,TIME_SERIES_MONTHLY,https://www.alphavantage.co/query?function=TIME_SERIES_MONTHLY&symbol=NVDA&apikey=ZH6DAHUGXSK8J9R1,True,2026-01-18 16:12:44,2026-01-18 16:12:44,2026-01-18 16:12:44.517710
NVDA,NVIDIA Corporation,2015-12,32.0,32.96,1.240000000000002,0.03909205548549817,TIME_SERIES_MONTHLY,https://www.alphavantage.co/query?function=TIME_SERIES_MONTHLY&symbol=NVDA&apikey=ZH6DAHUGXSK8J9R1,True,2026-01-18 16:12:44,2026-01-18 16:12:44,2026-01-18 16:12:44.517710
NVDA,NVIDIA Corporation,2016-01,32.29,29.29,-3.6700000000000017,-0.11134708737864082,TIME_SERIES_MONTHLY,https://www.alphavantage.co/query?function=TIME_SERIES_MONTHLY&symbol=NVDA&apikey=ZH6DAHUGXSK8J9R1,True,2026-01-18 16:12:44,2026-01-18 16:12:44,2026-01-18 16:12:44.517710
NVDA,NVIDIA Corporation,2016-02,29.26,31.36,2.0700000000000003,0.0706725844998293,TIME_SERIES_MONTHLY,https://www.alphavantage.co/query?function=TIME_SERIES_MONTHLY&symbol=NVDA&apikey=ZH6DAHUGXSK8J9R1,True,2026-01-18 16:12:44,2026-01-18 16:12:44,2026-01-18 16:12:44.517710
NVDA,NVIDIA Corporation,2016-03,31.44,35.63,4.270000000000003,0.13616071428571438,TIME_SERIES_MONTHLY,https://www.alphavantage.co/query?function=TIME_SERIES_MONTHLY&symbol=NVDA&apikey=ZH6DAHUGXSK8J9R1,True,2026-01-18 16:12:44,2026-01-18 16:12:44,2026-01-18 16:12:44.517710
NVDA,NVIDIA Corporation,2016-04,35.41,35.53,-0.10000000000000142,-0.002806623631771019,TIME_SERIES_MONTHLY,https://www.alphavantage.co/query?function=TIME_SERIES_MONTHLY&symbol=NVDA&apikey=ZH6DAHUGXSK8J9R1,True,2026-01-18 16:12:44,2026-01-18 16:12:44,2026-01-18 16:12:44.517710
NVDA,NVIDIA Corporation,2016-05,35.87,46.72,11.189999999999998,0.3149451168027019,TIME_SERIES_MONTHLY,https://www.alphavantage.co/query?function=TIME_SERIES_MONTHLY&symbol=NVDA&apikey=ZH6DAHUGXSK8J9R1,True,2026-01-18 16:12:44,2026-01-18 16:12:44,2026-01-18 16:12:44.517710
NVDA,NVIDIA Corporation,2016-06,46.5,47.01,0.28999999999999915,0.0062071917808219,TIME_SERIES_MONTHLY,https://www.alphavantage.co/query?function=TIME_SERIES_MONTHLY&symbol=NVDA&apikey=ZH6DAHUGXSK8J9R1,True,2026-01-18 16:12:44,2026-01-18 16:12:44,2026-01-18 16:12:44.517710
NVDA,NVIDIA Corporation,2016-07,46.75,57.1,10.090000000000003,0.21463518400340362,TIME_SERIES_MONTHLY,https://www.alphavantage.co/query?function=TIME_SERIES_MONTHLY&symbol=NVDA&apikey=ZH6DAHUGXSK8J9R1,True,2026-01-18 16:12:44,2026-01-18 16:12:44,2026-01-18 16:12:44.517710
NVDA,NVIDIA Corporation,2016-08,57.34,61.34,4.240000000000002,0.07425569176882665,TIME_SERIES_MONTHLY,https://www.alphavantage.co/query?function=TIME_SERIES_MONTHLY&symbol=NVDA&apikey=ZH6DAHUGXSK8J9R1,True,2026-01-18 16:12:44,2026-01-18 16:12:44,2026-01-18 16:12:44.517710
NVDA,NVIDIA Corporation,2016-09,61.39,68.52,7.179999999999993,0.11705249429409834,TIME_SERIES_MONTHLY,https://www.alphavantage.co/query?function=TIME_SERIES_MONTHLY&symbol=NVDA&apikey=ZH6DAHUGXSK8J9R1,True,2026-01-18 16:12:44,2026-01-18 16:12:44,2026-01-18 16:12:44.517710
NVDA,NVIDIA Corporation,2016-10,68.52,71.16,2.6400000000000006,0.038528896672504385,TIME_SERIES_MONTHLY,https://www.alphavantage.co/query?function=TIME_SERIES_MONTHLY&symbol=NVDA&apikey=ZH6DAHUGXSK8J9R1,True,2026-01-18 16:12:44,2026-01-18 16:12:44,2026-01-18 16:12:44.517710
NVDA,NVIDIA Corporation,2016-11,71.42,92.2,21.040000000000006,0.2956717256885892,TIME_SERIES_MONTHLY,https://www.alphavantage.co/query?function=TIME_SERIES_MONTHLY&symbol=NVDA&apikey=ZH6DAHUGXSK8J9R1,True,2026-01-18 16:12:44,2026-01-18 16:12:44,2026-01-18 16:12:44.517710
NVDA,NVIDIA Corporation,2016-12,92.1,106.74,14.539999999999992,0.157700650759219,TIME_SERIES_MONTHLY,https://www.alphavantage.co/query?function=TIME_SERIES_MONTHLY&symbol=NVDA&apikey=ZH6DAHUGXSK8J9R1,True,2026-01-18 16:12:44,2026-01-18 16:12:44,2026-01-18 16:12:44.517710
NVDA,NVIDIA Corporation,2017-01,104.4,109.18,2.440000000000012,0.02285928424208368,TIME_SERIES_MONTHLY,https://www.alphavantage.co/query?function=TIME_SERIES_MONTHLY&symbol=NVDA&apikey=ZH6DAHUGXSK8J9R1,True,2026-01-18 16:12:44,2026-01-18 16:12:44,2026-01-18 16:12:44.517710
NVDA,NVIDIA Corporation,2017-02,110.58,101.48,-7.700000000000003,-0.0705257373145265,TIME_SERIES_MONTHLY,https://www.alphavantage.co/query?function=TIME_SERIES_MONTHLY&symbol=NVDA&apikey=ZH6DAHUGXSK8J9R1,True,2026-01-18 16:12:44,2026-01-18 16:12:44,2026-01-18 16:12:44.517710
NVDA,NVIDIA Corporation,2017-03,103.79,108.93,7.450000000000003,0.07341348048876628,TIME_SERIES_MONTHLY,https://www.alphavantage.co/query?function=TIME_SERIES_MONTHLY&symbol=NVDA&apikey=ZH6DAHUGXSK8J9R1,True,2026-01-18 16:12:44,2026-01-18 16:12:44,2026-01-18 16:12:44.517710
NVDA,NVIDIA Corporation,2017-04,108.95,104.3,-4.63000000000001,-0.04250436059854961,TIME_SERIES_MONTHLY,https://www.alphavantage.co/query?function=TIME_SERIES_MONTHLY&symbol=NVDA&apikey=ZH6DAHUGXSK8J9R1,True,2026-01-18 16:12:44,2026-01-18 16:12:44,2026-01-18 16:12:44.517710
NVDA,NVIDIA Corporation,2017-05,104.74,144.35,40.05,0.38398849472674973,TIME_SERIES_MONTHLY,https://www.alphavantage.co/query?function=TIME_SERIES_MONTHLY&symbol=NVDA&apikey=ZH6DAHUGXSK8J9R1,True,2026-01-18 16:12:44,2026-01-18 16:12:44,2026-01-18 16:12:44.517710
NVDA,NVIDIA Corporation,2017-06,144.99,144.56,0.21000000000000796,0.0014547973675095806,TIME_SERIES_MONTHLY,https://www.alphavantage.co/query?function=TIME_SERIES_MONTHLY&symbol=NVDA&apikey=ZH6DAHUGXSK8J9R1,True,2026-01-18 16:12:44,2026-01-18 16:12:44,2026-01-18 16:12:44.517710
NVDA,NVIDIA Corporation,2017-07,145.05,162.51,17.94999999999999,0.124169894853348,TIME_SERIES_MONTHLY,https://www.alphavantage.co/query?function=TIME_SERIES_MONTHLY&symbol=NVDA&apikey=ZH6DAHUGXSK8J9R1,True,2026-01-18 16:12:44,2026-01-18 16:12:44,2026-01-18 16:12:44.517710
NVDA,NVIDIA Corporation,2017-08,162.125,169.44,6.930000000000007,0.04264352962894596,TIME_SERIES_MONTHLY,https://www.alphavantage.co/query?function=TIME_SERIES_MONTHLY&symbol=NVDA&apikey=ZH6DAHUGXSK8J9R1,True,2026-01-18 16:12:44,2026-01-18 16:12:44,2026-01-18 16:12:44.517710
NVDA,NVIDIA Corporation,2017-09,169.95,178.77,9.330000000000013,0.055063739376770615,TIME_SERIES_MONTHLY,https://www.alphavantage.co/query?function=TIME_SERIES_MONTHLY&symbol=NVDA&apikey=ZH6DAHUGXSK8J9R1,True,2026-01-18 16:12:44,2026-01-18 16:12:44,2026-01-18 16:12:44.517710
NVDA,NVIDIA Corporation,2017-10,180.8,206.81,28.039999999999992,0.15684958326341103,TIME_SERIES_MONTHLY,https://www.alphavantage.co/query?function=TIME_SERIES_MONTHLY&symbol=NVDA&apikey=ZH6DAHUGXSK8J9R1,True,2026-01-18 16:12:44,2026-01-18 16:12:44,2026-01-18 16:12:44.517710
NVDA,NVIDIA Corporation,2017-11,209.35,200.71,-6.099999999999994,-0.02949567235626901,TIME_SERIES_MONTHLY,https://www.alphavantage.co/query?function=TIME_SERIES_MONTHLY&symbol=NVDA&apikey=ZH6DAHUGXSK8J9R1,True,2026-01-18 16:12:44,2026-01-18 16:12:44,2026-01-18 16:12:44.517710
NVDA,NVIDIA Corporation,2017-12,199.31,193.5,-7.210000000000008,-0.03592247521299391,TIME_SERIES_MONTHLY,https://www.alphavantage.co/query?function=TIME_SERIES_MONTHLY&symbol=NVDA&apikey=ZH6DAHUGXSK8J9R1,True,2026-01-18 16:12:44,2026-01-18 16:12:44,2026-01-18 16:12:44.517710
NVDA,NVIDIA Corporation,2018-01,195.78,245.8,52.30000000000001,0.2702842377260983,TIME_SERIES_MONTHLY,https://www.alphavantage.co/query?function=TIME_SERIES_MONTHLY&symbol=NVDA&apikey=ZH6DAHUGXSK8J9R1,True,2026-01-18 16:12:44,2026-01-18 16:12:44,2026-01-18 16:12:44.517710
NVDA,NVIDIA Corporation,2018-02,238.52,242.0,-3.8000000000000114,-0.015459723352319004,TIME_SERIES_MONTHLY,https://www.alphavantage.co/query?function=TIME_SERIES_MONTHLY&symbol=NVDA&apikey=ZH6DAHUGXSK8J9R1,True,2026-01-18 16:12:44,2026-01-18 16:12:44,2026-01-18 16:12:44.517710
NVDA,NVIDIA Corporation,2018-03,241.91,231.59,-10.409999999999997,-0.04301652892561982,TIME_SERIES_MONTHLY,https://www.alphavantage.co/query?function=TIME_SERIES_MONTHLY&symbol=NVDA&apikey=ZH6DAHUGXSK8J9R1,True,2026-01-18 16:12:44,2026-01-18 16:12:44,2026-01-18 16:12:44.517710
NVDA,NVIDIA Corporation,2018-04,228.74,224.9,-6.689999999999998,-0.028887257653611977,TIME_SERIES_MONTHLY,https://www.alphavantage.co/query?function=TIME_SERIES_MONTHLY&symbol=NVDA&apikey=ZH6DAHUGXSK8J9R1,True,2026-01-18 16:12:44,2026-01-18 16:12:44,2026-01-18 16:12:44.517710
NVDA,NVIDIA Corporation,2018-05,224.57,252.19,27.289999999999992,0.12134281903068027,TIME_SERIES_MONTHLY,https://www.alphavantage.co/query?function=TIME_SERIES_MONTHLY&symbol=NVDA&apikey=ZH6DAHUGXSK8J9R1,True,2026-01-18 16:12:44,2026-01-18 16:12:44,2026-01-18 16:12:44.517710
NVDA,NVIDIA Corporation,2018-06,254.0,236.9,-15.289999999999992,-0.06062889091557949,TIME_SERIES_MONTHLY,https://www.alphavantage.co/query?function=TIME_SERIES_MONTHLY&symbol=NVDA&apikey=ZH6DAHUGXSK8J9R1,True,2026-01-18 16:12:44,2026-01-18 16:12:44,2026-01-18 16:12:44.517710
NVDA,NVIDIA Corporation,2018-07,234.09,244.86,7.960000000000008,0.03360067539046014,TIME_SERIES_MONTHLY,https://www.alphavantage.co/query?function=TIME_SERIES_MONTHLY&symbol=NVDA&apikey=ZH6DAHUGXSK8J9R1,True,2026-01-18 16:12:44,2026-01-18 16:12:44,2026-01-18 16:12:44.517710
NVDA,NVIDIA Corporation,2018-08,246.13,280.68,35.81999999999999,0.14628767458956135,TIME_SERIES_MONTHLY,https://www.alphavantage.co/query?function=TIME_SERIES_MONTHLY&symbol=NVDA&apikey=ZH6DAHUGXSK8J9R1,True,2026-01-18 16:12:44,2026-01-18 16:12:44,2026-01-18 16:12:44.517710
NVDA,NVIDIA Corporation,2018-09,280.15,281.02,0.339999999999975,0.001211343879150545,TIME_SERIES_MONTHLY,https://www.alphavantage.co/query?function=TIME_SERIES_MONTHLY&symbol=NVDA&apikey=ZH6DAHUGXSK8J9R1,True,2026-01-18 16:12:44,2026-01-18 16:12:44,2026-01-18 16:12:44.517710
NVDA,NVIDIA Corporation,2018-10,284.16,210.83,-70.18999999999997,-0.24976869973667346,TIME_SERIES_MONTHLY,https://www.alphavantage.co/query?function=TIME_SERIES_MONTHLY&symbol=NVDA&apikey=ZH6DAHUGXSK8J9R1,True,2026-01-18 16:12:44,2026-01-18 16:12:44,2026-01-18 16:12:44.517710
NVDA,NVIDIA Corporation,2018-11,212.3,163.43,-47.400000000000006,-0.22482568894369873,TIME_SERIES_MONTHLY,https://www.alphavantage.co/query?function=TIME_SERIES_MONTHLY&symbol=NVDA&apikey=ZH6DAHUGXSK8J9R1,True,2026-01-18 16:12:44,2026-01-18 16:12:44,2026-01-18 16:12:44.517710
NVDA,NVIDIA Corporation,2018-12,172.6,133.5,-29.930000000000007,-0.18313651104448392,TIME_SERIES_MONTHLY,https://www.alphavantage.co/query?function=TIME_SERIES_MONTHLY&symbol=NVDA&apikey=ZH6DAHUGXSK8J9R1,True,2026-01-18 16:12:44,2026-01-18 16:12:44,2026-01-18 16:12:44.517710
NVDA,NVIDIA Corporation,2019-01,130.64,143.75,10.25,0.07677902621722846,TIME_SERIES_MONTHLY,https://www.alphavantage.co/query?function=TIME_SERIES_MONTHLY&symbol=NVDA&apikey=ZH6DAHUGXSK8J9R1,True,2026-01-18 16:12:44,2026-01-18 16:12:44,2026-01-18 16:12:44.517710
NVDA,NVIDIA Corporation,2019-02,144.5,154.26,10.509999999999991,0.07311304347826081,TIME_SERIES_MONTHLY,https://www.alphavantage.co/query?function=TIME_SERIES_MONTHLY&symbol=NVDA&apikey=ZH6DAHUGXSK8J9R1,True,2026-01-18 16:12:44,2026-01-18 16:12:44,2026-01-18 16:12:44.517710
NVDA,NVIDIA Corporation,2019-03,156.27,179.56,25.30000000000001,0.16400881628419559,TIME_SERIES_MONTHLY,https://www.alphavantage.co/query?function=TIME_SERIES_MONTHLY&symbol=NVDA&apikey=ZH6DAHUGXSK8J9R1,True,2026-01-18 16:12:44,2026-01-18 16:12:44,2026-01-18 16:12:44.517710
NVDA,NVIDIA Corporation,2019-04,183.26,181.0,1.4399999999999977,0.008019603475161494,TIME_SERIES_MONTHLY,https://www.alphavantage.co/query?function=TIME_SERIES_MONTHLY&symbol=NVDA&apikey=ZH6DAHUGXSK8J9R1,True,2026-01-18 16:12:44,2026-01-18 16:12:44,2026-01-18 16:12:44.517710
NVDA,NVIDIA Corporation,2019-05,183.11,135.46,-45.53999999999999,-0.25160220994475135,TIME_SERIES_MONTHLY,https://www.alphavantage.co/query?function=TIME_SERIES_MONTHLY&symbol=NVDA&apikey=ZH6DAHUGXSK8J9R1,True,2026-01-18 16:12:44,2026-01-18 16:12:44,2026-01-18 16:12:44.517710
NVDA,NVIDIA Corporation,2019-06,135.91,164.23,28.769999999999982,0.21238742064077942,TIME_SERIES_MONTHLY,https://www.alphavantage.co/query?function=TIME_SERIES_MONTHLY&symbol=NVDA&apikey=ZH6DAHUGXSK8J9R1,True,2026-01-18 16:12:44,2026-01-18 16:12:44,2026-01-18 16:12:44.517710
NVDA,NVIDIA Corporation,2019-07,172.57,168.72,4.490000000000009,0.027339706509164036,TIME_SERIES_MONTHLY,https://www.alphavantage.co/query?function=TIME_SERIES_MONTHLY&symbol=NVDA&apikey=ZH6DAHUGXSK8J9R1,True,2026-01-18 16:12:44,2026-01-18 16:12:44,2026-01-18 16:12:44.517710
NVDA,NVIDIA Corporation,2019-08,169.14,167.51,-1.210000000000008,-0.007171645329540114,TIME_SERIES_MONTHLY,https://www.alphavantage.co/query?function=TIME_SERIES_MONTHLY&symbol=NVDA&apikey=ZH6DAHUGXSK8J9R1,True,2026-01-18 16:12:44,2026-01-18 16:12:44,2026-01-18 16:12:44.517710
NVDA,NVIDIA Corporation,2019-09,164.58,174.07,6.560000000000002,0.0391618410841144,TIME_SERIES_MONTHLY,https://www.alphavantage.co/query?function=TIME_SERIES_MONTHLY&symbol=NVDA&apikey=ZH6DAHUGXSK8J9R1,True,2026-01-18 16:12:44,2026-01-18 16:12:44,2026-01-18 16:12:44.517710
NVDA,NVIDIA Corporation,2019-10,175.0,201.02,26.950000000000017,0.1548227724478659,TIME_SERIES_MONTHLY,https://www.alphavantage.co/query?function=TIME_SERIES_MONTHLY&symbol=NVDA&apikey=ZH6DAHUGXSK8J9R1,True,2026-01-18 16:12:44,2026-01-18 16:12:44,2026-01-18 16:12:44.517710
NVDA,NVIDIA Corporation,2019-11,199.6,216.74,15.719999999999999,0.07820117401253605,TIME_SERIES_MONTHLY,https://www.alphavantage.co/query?function=TIME_SERIES_MONTHLY&symbol=NVDA&apikey=ZH6DAHUGXSK8J9R1,True,2026-01-18 16:12:44,2026-01-18 16:12:44,2026-01-18 16:12:44.517710
NVDA,NVIDIA Corporation,2019-12,216.46,235.3,18.560000000000002,0.08563255513518502,TIME_SERIES_MONTHLY,https://www.alphavantage.co/query?function=TIME_SERIES_MONTHLY&symbol=NVDA&apikey=ZH6DAHUGXSK8J9R1,True,2026-01-18 16:12:44,2026-01-18 16:12:44,2026-01-18 16:12:44.517710
NVDA,NVIDIA Corporation,2020-01,238.75,236.43,1.1299999999999955,0.004802379940501468,TIME_SERIES_MONTHLY,https://www.alphavantage.co/query?function=TIME_SERIES_MONTHLY&symbol=NVDA&apikey=ZH6DAHUGXSK8J9R1,True,2026-01-18 16:12:44,2026-01-18 16:12:44,2026-01-18 16:12:44.517710
NVDA,NVIDIA Corporation,2020-02,235.7,270.07,33.639999999999986,0.1422831281986211,TIME_SERIES_MONTHLY,https://www.alphavantage.co/query?function=TIME_SERIES_MONTHLY&symbol=NVDA&apikey=ZH6DAHUGXSK8J9R1,True,2026-01-18 16:12:44,2026-01-18 16:12:44,2026-01-18 16:12:44.517710
NVDA,NVIDIA Corporation,2020-03,276.9,263.6,-6.46999999999997,-0.02395675195319721,TIME_SERIES_MONTHLY,https://www.alphavantage.co/query?function=TIME_SERIES_MONTHLY&symbol=NVDA&apikey=ZH6DAHUGXSK8J9R1,True,2026-01-18 16:12:44,2026-01-18 16:12:44,2026-01-18 16:12:44.517710
NVDA,NVIDIA Corporation,2020-04,255.65,292.28,28.67999999999995,0.10880121396054608,TIME_SERIES_MONTHLY,https://www.alphavantage.co/query?function=TIME_SERIES_MONTHLY&symbol=NVDA&apikey=ZH6DAHUGXSK8J9R1,True,2026-01-18 16:12:44,2026-01-18 16:12:44,2026-01-18 16:12:44.517710
NVDA,NVIDIA Corporation,2020-05,284.35,355.02,62.74000000000001,0.21465717804844675,TIME_SERIES_MONTHLY,https://www.alphavantage.co/query?function=TIME_SERIES_MONTHLY&symbol=NVDA&apikey=ZH6DAHUGXSK8J9R1,True,2026-01-18 16:12:44,2026-01-18 16:12:44,2026-01-18 16:12:44.517710
NVDA,NVIDIA Corporation,2020-06,353.33,379.91,24.890000000000043,0.07010872626894273,TIME_SERIES_MONTHLY,https://www.alphavantage.co/query?function=TIME_SERIES_MONTHLY&symbol=NVDA&apikey=ZH6DAHUGXSK8J9R1,True,2026-01-18 16:12:44,2026-01-18 16:12:44,2026-01-18 16:12:44.517710
NVDA,NVIDIA Corporation,2020-07,380.83,424.59,44.67999999999995,0.11760680161090771,TIME_SERIES_MONTHLY,https://www.alphavantage.co/query?function=TIME_SERIES_MONTHLY&symbol=NVDA&apikey=ZH6DAHUGXSK8J9R1,True,2026-01-18 16:12:44,2026-01-18 16:12:44,2026-01-18 16:12:44.517710
NVDA,NVIDIA Corporation,2020-08,429.3,534.98,110.39000000000004,0.2599919922749006,TIME_SERIES_MONTHLY,https://www.alphavantage.co/query?function=TIME_SERIES_MONTHLY&symbol=NVDA&apikey=ZH6DAHUGXSK8J9R1,True,2026-01-18 16:12:44,2026-01-18 16:12:44,2026-01-18 16:12:44.517710
NVDA,NVIDIA Corporation,2020-09,539.2,541.22,6.240000000000009,0.011663987438782775,TIME_SERIES_MONTHLY,https://www.alphavantage.co/query?function=TIME_SERIES_MONTHLY&symbol=NVDA&apikey=ZH6DAHUGXSK8J9R1,True,2026-01-18 16:12:44,2026-01-18 16:12:44,2026-01-18 16:12:44.517710
NVDA,NVIDIA Corporation,2020-10,550.32,501.36,-39.860000000000014,-0.0736484239311186,TIME_SERIES_MONTHLY,https://www.alphavantage.co/query?function=TIME_SERIES_MONTHLY&symbol=NVDA&apikey=ZH6DAHUGXSK8J9R1,True,2026-01-18 16:12:44,2026-01-18 16:12:44,2026-01-18 16:12:44.517710
NVDA,NVIDIA Corporation,2020-11,506.31,536.06,34.69999999999993,0.06921174405616709,TIME_SERIES_MONTHLY,https://www.alphavantage.co/query?function=TIME_SERIES_MONTHLY&symbol=NVDA&apikey=ZH6DAHUGXSK8J9R1,True,2026-01-18 16:12:44,2026-01-18 16:12:44,2026-01-18 16:12:44.517710
NVDA,NVIDIA Corporation,2020-12,539.69,522.2,-13.8599999999999,-0.025855314703577773,TIME_SERIES_MONTHLY,https://www.alphavantage.co/query?function=TIME_SERIES_MONTHLY&symbol=NVDA&apikey=ZH6DAHUGXSK8J9R1,True,2026-01-18 16:12:44,2026-01-18 16:12:44,2026-01-18 16:12:44.517710
NVDA,NVIDIA Corporation,2021-01,524.17,519.59,-2.6100000000000136,-0.004998085024894702,TIME_SERIES_MONTHLY,https://www.alphavantage.co/query?function=TIME_SERIES_MONTHLY&symbol=NVDA&apikey=ZH6DAHUGXSK8J9R1,True,2026-01-18 16:12:44,2026-01-18 16:12:44,2026-01-18 16:12:44.517710
NVDA,NVIDIA Corporation,2021-02,522.1335,548.58,28.99000000000001,0.05579399141630903,TIME_SERIES_MONTHLY,https://www.alphavantage.co/query?function=TIME_SERIES_MONTHLY&symbol=NVDA&apikey=ZH6DAHUGXSK8J9R1,True,2026-01-18 16:12:44,2026-01-18 16:12:44,2026-01-18 16:12:44.517710
NVDA,NVIDIA Corporation,2021-03,555.0,533.93,-14.650000000000091,-0.026705311896168454,TIME_SERIES_MONTHLY,https://www.alphavantage.co/query?function=TIME_SERIES_MONTHLY&symbol=NVDA&apikey=ZH6DAHUGXSK8J9R1,True,2026-01-18 16:12:44,2026-01-18 16:12:44,2026-01-18 16:12:44.517710
NVDA,NVIDIA Corporation,2021-04,542.89,600.38,66.45000000000005,0.12445451650965492,TIME_SERIES_MONTHLY,https://www.alphavantage.co/query?function=TIME_SERIES_MONTHLY&symbol=NVDA&apikey=ZH6DAHUGXSK8J9R1,True,2026-01-18 16:12:44,2026-01-18 16:12:44,2026-01-18 16:12:44.517710
NVDA,NVIDIA Corporation,2021-05,605.0,649.78,49.39999999999998,0.08228122189280118,TIME_SERIES_MONTHLY,https://www.alphavantage.co/query?function=TIME_SERIES_MONTHLY&symbol=NVDA&apikey=ZH6DAHUGXSK8J9R1,True,2026-01-18 16:12:44,2026-01-18 16:12:44,2026-01-18 16:12:44.517710
NVDA,NVIDIA Corporation,2021-06,650.8,800.1,150.32000000000005,0.23133983809904898,TIME_SERIES_MONTHLY,https://www.alphavantage.co/query?function=TIME_SERIES_MONTHLY&symbol=NVDA&apikey=ZH6DAHUGXSK8J9R1,True,2026-01-18 16:12:44,2026-01-18 16:12:44,2026-01-18 16:12:44.517710
NVDA,NVIDIA Corporation,2021-07,805.0,194.99,-605.11,-0.7562929633795775,TIME_SERIES_MONTHLY,https://www.alphavantage.co/query?function=TIME_SERIES_MONTHLY&symbol=NVDA&apikey=ZH6DAHUGXSK8J9R1,True,2026-01-18 16:12:44,2026-01-18 16:12:44,2026-01-18 16:12:44.517710
NVDA,NVIDIA Corporation,2021-08,197.0,223.85,28.859999999999985,0.14800759013282724,TIME_SERIES_MONTHLY,https://www.alphavantage.co/query?function=TIME_SERIES_MONTHLY&symbol=NVDA&apikey=ZH6DAHUGXSK8J9R1,True,2026-01-18 16:12:44,2026-01-18 16:12:44,2026-01-18 16:12:44.517710
NVDA,NVIDIA Corporation,2021-09,224.85,207.16,-16.689999999999998,-0.07455885637703819,TIME_SERIES_MONTHLY,https://www.alphavantage.co/query?function=TIME_SERIES_MONTHLY&symbol=NVDA&apikey=ZH6DAHUGXSK8J9R1,True,2026-01-18 16:12:44,2026-01-18 16:12:44,2026-01-18 16:12:44.517710
NVDA,NVIDIA Corporation,2021-10,207.5,255.67,48.50999999999999,0.23416682757289048,TIME_SERIES_MONTHLY,https://www.alphavantage.co/query?function=TIME_SERIES_MONTHLY&symbol=NVDA&apikey=ZH6DAHUGXSK8J9R1,True,2026-01-18 16:12:44,2026-01-18 16:12:44,2026-01-18 16:12:44.517710
NVDA,NVIDIA Corporation,2021-11,256.49,326.76,71.09,0.2780537411507021,TIME_SERIES_MONTHLY,https://www.alphavantage.co/query?function=TIME_SERIES_MONTHLY&symbol=NVDA&apikey=ZH6DAHUGXSK8J9R1,True,2026-01-18 16:12:44,2026-01-18 16:12:44,2026-01-18 16:12:44.517710
NVDA,NVIDIA Corporation,2021-12,332.1947,294.11,-32.64999999999998,-0.09992043089729459,TIME_SERIES_MONTHLY,https://www.alphavantage.co/query?function=TIME_SERIES_MONTHLY&symbol=NVDA&apikey=ZH6DAHUGXSK8J9R1,True,2026-01-18 16:12:44,2026-01-18 16:12:44,2026-01-18 16:12:44.517710
NVDA,NVIDIA Corporation,2022-01,298.15,244.86,-49.25,-0.16745435381319915,TIME_SERIES_MONTHLY,https://www.alphavantage.co/query?function=TIME_SERIES_MONTHLY&symbol=NVDA&apikey=ZH6DAHUGXSK8J9R1,True,2026-01-18 16:12:44,2026-01-18 16:12:44,2026-01-18 16:12:44.517710
NVDA,NVIDIA Corporation,2022-02,251.04,243.85,-1.0100000000000193,-0.004124806011598543,TIME_SERIES_MONTHLY,https://www.alphavantage.co/query?function=TIME_SERIES_MONTHLY&symbol=NVDA&apikey=ZH6DAHUGXSK8J9R1,True,2026-01-18 16:12:44,2026-01-18 16:12:44,2026-01-18 16:12:44.517710
NVDA,NVIDIA Corporation,2022-03,242.91,272.86,29.01000000000002,0.11896657781423015,TIME_SERIES_MONTHLY,https://www.alphavantage.co/query?function=TIME_SERIES_MONTHLY&symbol=NVDA&apikey=ZH6DAHUGXSK8J9R1,True,2026-01-18 16:12:44,2026-01-18 16:12:44,2026-01-18 16:12:44.517710
NVDA,NVIDIA Corporation,2022-04,273.75,185.47,-87.39000000000001,-0.3202741332551492,TIME_SERIES_MONTHLY,https://www.alphavantage.co/query?function=TIME_SERIES_MONTHLY&symbol=NVDA&apikey=ZH6DAHUGXSK8J9R1,True,2026-01-18 16:12:44,2026-01-18 16:12:44,2026-01-18 16:12:44.517710
NVDA,NVIDIA Corporation,2022-05,185.405,186.72,1.25,0.006739634442227854,TIME_SERIES_MONTHLY,https://www.alphavantage.co/query?function=TIME_SERIES_MONTHLY&symbol=NVDA&apikey=ZH6DAHUGXSK8J9R1,True,2026-01-18 16:12:44,2026-01-18 16:12:44,2026-01-18 16:12:44.517710
NVDA,NVIDIA Corporation,2022-06,187.24,151.59,-35.129999999999995,-0.18814267352185088,TIME_SERIES_MONTHLY,https://www.alphavantage.co/query?function=TIME_SERIES_MONTHLY&symbol=NVDA&apikey=ZH6DAHUGXSK8J9R1,True,2026-01-18 16:12:44,2026-01-18 16:12:44,2026-01-18 16:12:44.517710
NVDA,NVIDIA Corporation,2022-07,148.99,181.63,30.039999999999992,0.19816610594366377,TIME_SERIES_MONTHLY,https://www.alphavantage.co/query?function=TIME_SERIES_MONTHLY&symbol=NVDA&apikey=ZH6DAHUGXSK8J9R1,True,2026-01-18 16:12:44,2026-01-18 16:12:44,2026-01-18 16:12:44.517710
NVDA,NVIDIA Corporation,2022-08,181.82,150.94,-30.689999999999998,-0.1689698838297638,TIME_SERIES_MONTHLY,https://www.alphavantage.co/query?function=TIME_SERIES_MONTHLY&symbol=NVDA&apikey=ZH6DAHUGXSK8J9R1,True,2026-01-18 16:12:44,2026-01-18 16:12:44,2026-01-18 16:12:44.517710
NVDA,NVIDIA Corporation,2022-09,142.09,121.39,-29.549999999999997,-0.19577315489598515,TIME_SERIES_MONTHLY,https://www.alphavantage.co/query?function=TIME_SERIES_MONTHLY&symbol=NVDA&apikey=ZH6DAHUGXSK8J9R1,True,2026-01-18 16:12:44,2026-01-18 16:12:44,2026-01-18 16:12:44.517710
NVDA,NVIDIA Corporation,2022-10,123.47,134.97,13.579999999999998,0.11187082955762417,TIME_SERIES_MONTHLY,https://www.alphavantage.co/query?function=TIME_SERIES_MONTHLY&symbol=NVDA&apikey=ZH6DAHUGXSK8J9R1,True,2026-01-18 16:12:44,2026-01-18 16:12:44,2026-01-18 16:12:44.517710
NVDA,NVIDIA Corporation,2022-11,138.11,169.23,34.25999999999999,0.2538341853745276,TIME_SERIES_MONTHLY,https://www.alphavantage.co/query?function=TIME_SERIES_MONTHLY&symbol=NVDA&apikey=ZH6DAHUGXSK8J9R1,True,2026-01-18 16:12:44,2026-01-18 16:12:44,2026-01-18 16:12:44.517710
NVDA,NVIDIA Corporation,2022-12,169.99,146.14,-23.090000000000003,-0.13644152927967856,TIME_SERIES_MONTHLY,https://www.alphavantage.co/query?function=TIME_SERIES_MONTHLY&symbol=NVDA&apikey=ZH6DAHUGXSK8J9R1,True,2026-01-18 16:12:44,2026-01-18 16:12:44,2026-01-18 16:12:44.517710
NVDA,NVIDIA Corporation,2023-01,148.51,195.37,49.23000000000002,0.3368687559874095,TIME_SERIES_MONTHLY,https://www.alphavantage.co/query?function=TIME_SERIES_MONTHLY&symbol=NVDA&apikey=ZH6DAHUGXSK8J9R1,True,2026-01-18 16:12:44,2026-01-18 16:12:44,2026-01-18 16:12:44.517710
NVDA,NVIDIA Corporation,2023-02,196.91,232.16,36.78999999999999,0.18830936172390844,TIME_SERIES_MONTHLY,https://www.alphavantage.co/query?function=TIME_SERIES_MONTHLY&symbol=NVDA&apikey=ZH6DAHUGXSK8J9R1,True,2026-01-18 16:12:44,2026-01-18 16:12:44,2026-01-18 16:12:44.517710
NVDA,NVIDIA Corporation,2023-03,231.92,277.77,45.609999999999985,0.19645933838731902,TIME_SERIES_MONTHLY,https://www.alphavantage.co/query?function=TIME_SERIES_MONTHLY&symbol=NVDA&apikey=ZH6DAHUGXSK8J9R1,True,2026-01-18 16:12:44,2026-01-18 16:12:44,2026-01-18 16:12:44.517710
NVDA,NVIDIA Corporation,2023-04,275.09,277.49,-0.2799999999999727,-0.001008028224790196,TIME_SERIES_MONTHLY,https://www.alphavantage.co/query?function=TIME_SERIES_MONTHLY&symbol=NVDA&apikey=ZH6DAHUGXSK8J9R1,True,2026-01-18 16:12:44,2026-01-18 16:12:44,2026-01-18 16:12:44.517710
NVDA,NVIDIA Corporation,2023-05,278.4,378.34,100.84999999999997,0.3634365202349633,TIME_SERIES_MONTHLY,https://www.alphavantage.co/query?function=TIME_SERIES_MONTHLY&symbol=NVDA&apikey=ZH6DAHUGXSK8J9R1,True,2026-01-18 16:12:44,2026-01-18 16:12:44,2026-01-18 16:12:44.517710
NVDA,NVIDIA Corporation,2023-06,384.89,423.02,44.68000000000001,0.11809483533329812,TIME_SERIES_MONTHLY,https://www.alphavantage.co/query?function=TIME_SERIES_MONTHLY&symbol=NVDA&apikey=ZH6DAHUGXSK8J9R1,True,2026-01-18 16:12:44,2026-01-18 16:12:44,2026-01-18 16:12:44.517710
NVDA,NVIDIA Corporation,2023-07,425.17,467.29,44.27000000000004,0.10465226230438286,TIME_SERIES_MONTHLY,https://www.alphavantage.co/query?function=TIME_SERIES_MONTHLY&symbol=NVDA&apikey=ZH6DAHUGXSK8J9R1,True,2026-01-18 16:12:44,2026-01-18 16:12:44,2026-01-18 16:12:44.517710
NVDA,NVIDIA Corporation,2023-08,464.595,493.55,26.25999999999999,0.05619636628218021,TIME_SERIES_MONTHLY,https://www.alphavantage.co/query?function=TIME_SERIES_MONTHLY&symbol=NVDA&apikey=ZH6DAHUGXSK8J9R1,True,2026-01-18 16:12:44,2026-01-18 16:12:44,2026-01-18 16:12:44.517710
NVDA,NVIDIA Corporation,2023-09,497.62,434.99,-58.56,-0.11865059264512208,TIME_SERIES_MONTHLY,https://www.alphavantage.co/query?function=TIME_SERIES_MONTHLY&symbol=NVDA&apikey=ZH6DAHUGXSK8J9R1,True,2026-01-18 16:12:44,2026-01-18 16:12:44,2026-01-18 16:12:44.517710
NVDA,NVIDIA Corporation,2023-10,440.3,407.8,-27.189999999999998,-0.06250718407319708,TIME_SERIES_MONTHLY,https://www.alphavantage.co/query?function=TIME_SERIES_MONTHLY&symbol=NVDA&apikey=ZH6DAHUGXSK8J9R1,True,2026-01-18 16:12:44,2026-01-18 16:12:44,2026-01-18 16:12:44.517710
NVDA,NVIDIA Corporation,2023-11,408.84,467.7,59.89999999999998,0.14688572829818533,TIME_SERIES_MONTHLY,https://www.alphavantage.co/query?function=TIME_SERIES_MONTHLY&symbol=NVDA&apikey=ZH6DAHUGXSK8J9R1,True,2026-01-18 16:12:44,2026-01-18 16:12:44,2026-01-18 16:12:44.517710
NVDA,NVIDIA Corporation,2023-12,465.25,495.22,27.52000000000004,0.05884113748129151,TIME_SERIES_MONTHLY,https://www.alphavantage.co/query?function=TIME_SERIES_MONTHLY&symbol=NVDA&apikey=ZH6DAHUGXSK8J9R1,True,2026-01-18 16:12:44,2026-01-18 16:12:44,2026-01-18 16:12:44.517710
NVDA,NVIDIA Corporation,2024-01,492.44,615.27,120.04999999999995,0.2424175114090706,TIME_SERIES_MONTHLY,https://www.alphavantage.co/query?function=TIME_SERIES_MONTHLY&symbol=NVDA&apikey=ZH6DAHUGXSK8J9R1,True,2026-01-18 16:12:44,2026-01-18 16:12:44,2026-01-18 16:12:44.517710
NVDA,NVIDIA Corporation,2024-02,621.0,791.12,175.85000000000002,0.2858094820160255,TIME_SERIES_MONTHLY,https://www.alphavantage.co/query?function=TIME_SERIES_MONTHLY&symbol=NVDA&apikey=ZH6DAHUGXSK8J9R1,True,2026-01-18 16:12:44,2026-01-18 16:12:44,2026-01-18 16:12:44.517710
NVDA,NVIDIA Corporation,2024-03,800.0,903.56,112.43999999999994,0.14212761654363426,TIME_SERIES_MONTHLY,https://www.alphavantage.co/query?function=TIME_SERIES_MONTHLY&symbol=NVDA&apikey=ZH6DAHUGXSK8J9R1,True,2026-01-18 16:12:44,2026-01-18 16:12:44,2026-01-18 16:12:44.517710
NVDA,NVIDIA Corporation,2024-04,902.99,864.02,-39.539999999999964,-0.04376023728363359,TIME_SERIES_MONTHLY,https://www.alphavantage.co/query?function=TIME_SERIES_MONTHLY&symbol=NVDA&apikey=ZH6DAHUGXSK8J9R1,True,2026-01-18 16:12:44,2026-01-18 16:12:44,2026-01-18 16:12:44.517710
NVDA,NVIDIA Corporation,2024-05,850.77,1096.33,232.30999999999995,0.26887109094696876,TIME_SERIES_MONTHLY,https://www.alphavantage.co/query?function=TIME_SERIES_MONTHLY&symbol=NVDA&apikey=ZH6DAHUGXSK8J9R1,True,2026-01-18 16:12:44,2026-01-18 16:12:44,2026-01-18 16:12:44.517710
NVDA,NVIDIA Corporation,2024-06,1136.21,123.54,-972.79,-0.8873149507903643,TIME_SERIES_MONTHLY,https://www.alphavantage.co/query?function=TIME_SERIES_MONTHLY&symbol=NVDA&apikey=ZH6DAHUGXSK8J9R1,True,2026-01-18 16:12:44,2026-01-18 16:12:44,2026-01-18 16:12:44.517710
NVDA,NVIDIA Corporation,2024-07,123.47,117.02,-6.52000000000001,-0.052776428687064995,TIME_SERIES_MONTHLY,https://www.alphavantage.co/query?function=TIME_SERIES_MONTHLY&symbol=NVDA&apikey=ZH6DAHUGXSK8J9R1,True,2026-01-18 16:12:44,2026-01-18 16:12:44,2026-01-18 16:12:44.517710
NVDA,NVIDIA Corporation,2024-08,117.53,119.37,2.3500000000000085,0.02008203725858835,TIME_SERIES_MONTHLY,https://www.alphavantage.co/query?function=TIME_SERIES_MONTHLY&symbol=NVDA&apikey=ZH6DAHUGXSK8J9R1,True,2026-01-18 16:12:44,2026-01-18 16:12:44,2026-01-18 16:12:44.517710
NVDA,NVIDIA Corporation,2024-09,116.01,121.44,2.069999999999993,0.01734104046242769,TIME_SERIES_MONTHLY,https://www.alphavantage.co/query?function=TIME_SERIES_MONTHLY&symbol=NVDA&apikey=ZH6DAHUGXSK8J9R1,True,2026-01-18 16:12:44,2026-01-18 16:12:44,2026-01-18 16:12:44.517710
NVDA,NVIDIA Corporation,2024-10,121.765,132.76,11.319999999999993,0.09321475625823447,TIME_SERIES_MONTHLY,https://www.alphavantage.co/query?function=TIME_SERIES_MONTHLY&symbol=NVDA&apikey=ZH6DAHUGXSK8J9R1,True,2026-01-18 16:12:44,2026-01-18 16:12:44,2026-01-18 16:12:44.517710
NVDA,NVIDIA Corporation,2024-11,134.7,138.25,5.490000000000009,0.0413528171135885,TIME_SERIES_MONTHLY,https://www.alphavantage.co/query?function=TIME_SERIES_MONTHLY&symbol=NVDA&apikey=ZH6DAHUGXSK8J9R1,True,2026-01-18 16:12:44,2026-01-18 16:12:44,2026-01-18 16:12:44.517710
NVDA,NVIDIA Corporation,2024-12,138.83,134.29,-3.960000000000008,-0.028643761301989208,TIME_SERIES_MONTHLY,https://www.alphavantage.co/query?function=TIME_SERIES_MONTHLY&symbol=NVDA&apikey=ZH6DAHUGXSK8J9R1,True,2026-01-18 16:12:44,2026-01-18 16:12:44,2026-01-18 16:12:44.517710
NVDA,NVIDIA Corporation,2025-01,136.0,120.07,-14.219999999999999,-0.10589023754561025,TIME_SERIES_MONTHLY,https://www.alphavantage.co/query?function=TIME_SERIES_MONTHLY&symbol=NVDA&apikey=ZH6DAHUGXSK8J9R1,True,2026-01-18 16:12:44,2026-01-18 16:12:44,2026-01-18 16:12:44.517710
NVDA,NVIDIA Corporation,2025-02,114.75,124.92,4.8500000000000085,0.040393104022653524,TIME_SERIES_MONTHLY,https://www.alphavantage.co/query?function=TIME_SERIES_MONTHLY&symbol=NVDA&apikey=ZH6DAHUGXSK8J9R1,True,2026-01-18 16:12:44,2026-01-18 16:12:44,2026-01-18 16:12:44.517710
NVDA,NVIDIA Corporation,2025-03,123.51,108.38,-16.540000000000006,-0.13240473903298117,TIME_SERIES_MONTHLY,https://www.alphavantage.co/query?function=TIME_SERIES_MONTHLY&symbol=NVDA&apikey=ZH6DAHUGXSK8J9R1,True,2026-01-18 16:12:44,2026-01-18 16:12:44,2026-01-18 16:12:44.517710
NVDA,NVIDIA Corporation,2025-04,108.515,108.92,0.5400000000000063,0.004982469090238109,TIME_SERIES_MONTHLY,https://www.alphavantage.co/query?function=TIME_SERIES_MONTHLY&symbol=NVDA&apikey=ZH6DAHUGXSK8J9R1,True,2026-01-18 16:12:44,2026-01-18 16:12:44,2026-01-18 16:12:44.517710
NVDA,NVIDIA Corporation,2025-05,113.08,135.13,26.209999999999994,0.24063532868160112,TIME_SERIES_MONTHLY,https://www.alphavantage.co/query?function=TIME_SERIES_MONTHLY&symbol=NVDA&apikey=ZH6DAHUGXSK8J9R1,True,2026-01-18 16:12:44,2026-01-18 16:12:44,2026-01-18 16:12:44.517710
NVDA,NVIDIA Corporation,2025-06,135.49,157.99,22.860000000000014,0.1691704284762822,TIME_SERIES_MONTHLY,https://www.alphavantage.co/query?function=TIME_SERIES_MONTHLY&symbol=NVDA&apikey=ZH6DAHUGXSK8J9R1,True,2026-01-18 16:12:44,2026-01-18 16:12:44,2026-01-18 16:12:44.517710
NVDA,NVIDIA Corporation,2025-07,156.29,177.87,19.879999999999995,0.1258307487815684,TIME_SERIES_MONTHLY,https://www.alphavantage.co/query?function=TIME_SERIES_MONTHLY&symbol=NVDA&apikey=ZH6DAHUGXSK8J9R1,True,2026-01-18 16:12:44,2026-01-18 16:12:44,2026-01-18 16:12:44.517710
NVDA,NVIDIA Corporation,2025-08,174.09,174.18,-3.6899999999999977,-0.020745488277955797,TIME_SERIES_MONTHLY,https://www.alphavantage.co/query?function=TIME_SERIES_MONTHLY&symbol=NVDA&apikey=ZH6DAHUGXSK8J9R1,True,2026-01-18 16:12:44,2026-01-18 16:12:44,2026-01-18 16:12:44.517710
NVDA,NVIDIA Corporation,2025-09,170.0,186.58,12.400000000000006,0.07119072224135954,TIME_SERIES_MONTHLY,https://www.alphavantage.co/query?function=TIME_SERIES_MONTHLY&symbol=NVDA&apikey=ZH6DAHUGXSK8J9R1,True,2026-01-18 16:12:44,2026-01-18 16:12:44,2026-01-18 16:12:44.517710
NVDA,NVIDIA Corporation,2025-10,185.24,202.49,15.909999999999997,0.0852717333047486,TIME_SERIES_MONTHLY,https://www.alphavantage.co/query?function=TIME_SERIES_MONTHLY&symbol=NVDA&apikey=ZH6DAHUGXSK8J9R1,True,2026-01-18 16:12:44,2026-01-18 16:12:44,2026-01-18 16:12:44.517710
NVDA,NVIDIA Corporation,2025-11,208.08,177.0,-25.49000000000001,-0.12588275964245152,TIME_SERIES_MONTHLY,https://www.alphavantage.co/query?function=TIME_SERIES_MONTHLY&symbol=NVDA&apikey=ZH6DAHUGXSK8J9R1,True,2026-01-18 16:12:44,2026-01-18 16:12:44,2026-01-18 16:12:44.517710
NVDA,NVIDIA Corporation,2025-12,174.76,186.5,9.5,0.05367231638418079,TIME_SERIES_MONTHLY,https://www.alphavantage.co/query?function=TIME_SERIES_MONTHLY&symbol=NVDA&apikey=ZH6DAHUGXSK8J9R1,True,2026-01-18 16:12:44,2026-01-18 16:12:44,2026-01-18 16:12:44.517710
NVDA,NVIDIA Corporation,2026-01,189.835,186.23,-0.27000000000001023,-0.0014477211796247197,TIME_SERIES_MONTHLY,https://www.alphavantage.co/query?function=TIME_SERIES_MONTHLY&symbol=NVDA&apikey=ZH6DAHUGXSK8J9R1,True,2026-01-18 16:12:44,2026-01-18 16:12:44,2026-01-18 16:12:44.517710
